{
    "model": "decision_tree",
    "accuracy": 0.9741181173178775,
    "precision": 0.9953093306288032,
    "recall": 0.9725009290226682,
    "f1_score": 0.9837729465572332,
    "roc_auc": 0.9827706485455687,
    "training_time": 0.32007841602899134,
    "prediction_time": 0.006026458984706551
}