{
    "model": "decision_tree",
    "accuracy": 0.9736184670730489,
    "precision": 0.99543205177008,
    "recall": 0.9717577108881457,
    "f1_score": 0.9834524257239564,
    "roc_auc": 0.9859987541296835,
    "training_time": 0.4448297500002809,
    "prediction_time": 0.005816333999973722
}