{
    "model": "logistic_regression",
    "accuracy": 0.9722194463875288,
    "precision": 0.9931671517145387,
    "recall": 0.972253189644494,
    "f1_score": 0.9825988983475212,
    "roc_auc": 0.9857278292150824,
    "training_time": 0.4730506249998143,
    "prediction_time": 0.0056096249991242075
}