{
    "model": "logistic_regression",
    "accuracy": 0.9537037037037037,
    "precision": 0.9879518072289156,
    "recall": 0.9534883720930233,
    "f1_score": 0.9704142011834319,
    "roc_auc": 0.9466173361522199,
    "training_time": 0.006773540982976556,
    "prediction_time": 0.0017433750326745212
}