{
    "model": "logistic_regression",
    "accuracy": 0.9539322474268013,
    "precision": 0.9931329359937807,
    "recall": 0.9494611668524712,
    "f1_score": 0.9708061554049775,
    "roc_auc": 0.982105825705484,
    "training_time": 0.17333379201591015,
    "prediction_time": 0.005788291979115456
}