{
    "model": "random_forest",
    "accuracy": 0.9759168581992606,
    "precision": 0.9951947395042995,
    "recall": 0.9748544531153227,
    "f1_score": 0.9849195920155184,
    "roc_auc": 0.9925948470977921,
    "training_time": 1.282247582974378,
    "prediction_time": 0.030070041015278548
}