{
    "model": "random_forest",
    "accuracy": 0.9629629629629629,
    "precision": 0.9880952380952381,
    "recall": 0.9651162790697675,
    "f1_score": 0.9764705882352941,
    "roc_auc": 0.9941860465116279,
    "training_time": 0.10858758300310001,
    "prediction_time": 0.015747500001452863
}