{
    "model": "random_forest",
    "accuracy": 0.9781153192765064,
    "precision": 0.9949584068565667,
    "recall": 0.9778273256534126,
    "f1_score": 0.9863184856625227,
    "roc_auc": 0.991991638860035,
    "training_time": 2.8011112500007584,
    "prediction_time": 0.03076195900030143
}