{
    "model": "decision_tree",
    "accuracy": 0.9044590538802344,
    "precision": 0.9772141014617369,
    "recall": 0.8898894000195752,
    "f1_score": 0.9315096562676093,
    "roc_auc": 0.9753136492002291,
    "training_time": 1.942263417004142,
    "prediction_time": 0.02365879196440801
}