{
    "model": "random_forest",
    "accuracy": 0.8927040160068601,
    "precision": 0.9755551917935287,
    "recall": 0.8749632964666731,
    "f1_score": 0.9225252186476097,
    "roc_auc": 0.9752717855990715,
    "training_time": 6.300163790991064,
    "prediction_time": 0.07889725000131875
}