{
    "model": "xgboost",
    "accuracy": 0.9216807203087037,
    "precision": 0.9100431577054486,
    "recall": 0.9906528335127728,
    "f1_score": 0.9486386428604902,
    "roc_auc": 0.980423723002739,
    "training_time": 2.5654383749933913,
    "prediction_time": 0.06170758296502754
}