{
    "model": "logistic_regression",
    "accuracy": 0.8310347291696442,
    "precision": 0.9739844268726987,
    "recall": 0.7896642850151708,
    "f1_score": 0.8721926434420691,
    "roc_auc": 0.9487055148705963,
    "training_time": 2.1905561669846065,
    "prediction_time": 0.02299558400409296
}