{
    "model": "xgboost",
    "accuracy": 0.9537037037037037,
    "precision": 0.9879518072289156,
    "recall": 0.9534883720930233,
    "f1_score": 0.9704142011834319,
    "roc_auc": 0.9963002114164905,
    "training_time": 0.2004127919790335,
    "prediction_time": 0.00216524995630607
}