{
    "model": "xgboost",
    "accuracy": 0.9774158089337464,
    "precision": 0.9935840986287583,
    "recall": 0.9783228044097609,
    "f1_score": 0.985894395206591,
    "roc_auc": 0.9909551429042458,
    "training_time": 0.45334775000810623,
    "prediction_time": 0.01159166602883488
}