{
    "model": "xgboost",
    "accuracy": 0.9776156690316778,
    "precision": 0.9937099006164297,
    "recall": 0.978446674098848,
    "f1_score": 0.9860192235675945,
    "roc_auc": 0.9925838948140103,
    "training_time": 0.8530051670004468,
    "prediction_time": 0.01150745800077857
}