record_id,timestamp,topic,device_id,sensor_code,sensor_type,value,unit,status,attack_type,label,source,sequence_number
1,2026-10-02T22:39:50.434492,factory/line1/temperature,mtr_001_temperature_sensor,MTR-001-TMP,temperature,26.11,Â°C,RUNNING,,0,simulator,324
2,2026-10-02T22:39:50.434504,factory/line1/current,mtr_001_current_sensor,MTR-001-CUR,current,3.7,A,RUNNING,,0,simulator,325
3,2026-10-02T22:39:50.434507,factory/line1/rpm,mtr_001_rpm_sensor,MTR-001-RPM,rpm,462.5,RPM,RUNNING,,0,simulator,326
4,2026-10-02T22:39:50.434541,factory/line1/voltage,mtr_001_voltage_sensor,MTR-001-VLT,voltage,237.02,V,RUNNING,,0,simulator,327
5,2026-10-02T22:39:50.434544,factory/line1/pressure,pmp_001_pressure_sensor,PMP-001-PRS,pressure,3.41,kPa,RUNNING,,0,simulator,328
6,2026-10-02T22:39:50.434555,factory/line1/flow,pmp_001_flow_sensor,PMP-001-FLW,flow,27.75,L/min,RUNNING,,0,simulator,329
7,2026-10-02T22:39:50.434557,factory/line1/current,pmp_001_current_sensor,PMP-001-CUR,current,3.7,A,RUNNING,,0,simulator,330
8,2026-10-02T22:39:50.434536,factory/line1/vibration,mtr_001_vibration_sensor,MTR-001-VIB,vibration,0.1,g,RUNNING,,0,simulator,331
9,2026-10-02T22:39:50.434752,factory/line1/pressure,tnk_001_pressure_sensor,TNK-001-PRS,pressure,101.3,kPa,RUNNING,,0,simulator,332
10,2026-10-02T22:39:50.434739,factory/line1/level,tnk_001_level_sensor,TNK-001-LVL,level,50.0,%,RUNNING,,0,simulator,333
11,2026-10-02T22:39:50.434756,factory/line1/humidity,tnk_001_humidity_sensor,TNK-001-HUM,humidity,63.14,%,RUNNING,,0,simulator,334
12,2026-10-02T22:39:50.434747,factory/line1/temperature,tnk_001_temperature_sensor,TNK-001-TMP,temperature,25.37,Â°C,RUNNING,,0,simulator,335
13,2026-10-02T22:39:50.434783,factory/line1/proximity,cnv_001_proximity_sensor,CNV-001-PRX,proximity,352.72,mm,RUNNING,,0,simulator,336
14,2026-10-02T22:39:50.434780,factory/line1/current,cnv_001_current_sensor,CNV-001-CUR,current,1.85,A,RUNNING,,0,simulator,337
15,2026-10-02T22:39:50.434786,factory/line1/pressure,vlv_001_pressure_sensor,VLV-001-PRS,pressure,0.42,kPa,RUNNING,,0,simulator,338
16,2026-10-02T22:39:50.434800,factory/line1/pressure,cmp_001_pressure_sensor,CMP-001-PRS,pressure,108.7,kPa,RUNNING,,0,simulator,339
17,2026-10-02T22:39:50.434798,factory/line1/temperature,cmp_001_temperature_sensor,CMP-001-TMP,temperature,25.0,Â°C,RUNNING,,0,simulator,340
18,2026-10-02T22:39:50.434803,factory/line1/current,cmp_001_current_sensor,CMP-001-CUR,current,3.7,A,RUNNING,,0,simulator,341
19,2026-10-02T22:39:50.434759,factory/line1/rpm,cnv_001_rpm_sensor,CNV-001-RPM,rpm,370.0,RPM,RUNNING,,0,simulator,342
20,2026-10-02T22:39:50.492194,factory/line1/current,mtr_001_current_sensor,MTR-001-CUR,current,3.8,A,RUNNING,DoS Attack,1,simulator,343
21,2026-10-02T22:39:50.492242,factory/line1/voltage,mtr_001_voltage_sensor,MTR-001-VLT,voltage,230.08,V,RUNNING,DoS Attack,1,simulator,344
22,2026-10-02T22:39:50.492198,factory/line1/rpm,mtr_001_rpm_sensor,MTR-001-RPM,rpm,475.0,RPM,RUNNING,DoS Attack,1,simulator,345
23,2026-10-02T22:39:50.492174,factory/line1/temperature,mtr_001_temperature_sensor,MTR-001-TMP,temperature,26.14,Â°C,RUNNING,DoS Attack,1,simulator,346
24,2026-10-02T22:39:50.492236,factory/line1/vibration,mtr_001_vibration_sensor,MTR-001-VIB,vibration,0.1,g,RUNNING,DoS Attack,1,simulator,347
25,2026-10-02T22:39:50.492260,factory/line1/flow,pmp_001_flow_sensor,PMP-001-FLW,flow,28.5,L/min,RUNNING,DoS Attack,1,simulator,348
26,2026-10-02T22:39:50.492247,factory/line1/pressure,pmp_001_pressure_sensor,PMP-001-PRS,pressure,3.51,kPa,RUNNING,DoS Attack,1,simulator,349
27,2026-10-02T22:39:50.492265,factory/line1/level,tnk_001_level_sensor,TNK-001-LVL,level,50.0,%,RUNNING,DoS Attack,1,simulator,350
28,2026-10-02T22:39:50.492262,factory/line1/current,pmp_001_current_sensor,PMP-001-CUR,current,3.8,A,RUNNING,DoS Attack,1,simulator,351
29,2026-10-02T22:39:50.492273,factory/line1/humidity,tnk_001_humidity_sensor,TNK-001-HUM,humidity,69.65,%,RUNNING,DoS Attack,1,simulator,352
30,2026-10-02T22:39:50.492285,factory/line1/current,cnv_001_current_sensor,CNV-001-CUR,current,1.9,A,RUNNING,DoS Attack,1,simulator,353
31,2026-10-02T22:39:50.492270,factory/line1/pressure,tnk_001_pressure_sensor,TNK-001-PRS,pressure,101.3,kPa,RUNNING,DoS Attack,1,simulator,354
32,2026-10-02T22:39:50.492275,factory/line1/rpm,cnv_001_rpm_sensor,CNV-001-RPM,rpm,380.0,RPM,RUNNING,DoS Attack,1,simulator,355
33,2026-10-02T22:39:50.492267,factory/line1/temperature,tnk_001_temperature_sensor,TNK-001-TMP,temperature,25.38,Â°C,RUNNING,DoS Attack,1,simulator,356
34,2026-10-02T22:39:50.492287,factory/line1/proximity,cnv_001_proximity_sensor,CNV-001-PRX,proximity,237.77,mm,RUNNING,DoS Attack,1,simulator,357
35,2026-10-02T22:39:50.492298,factory/line1/temperature,cmp_001_temperature_sensor,CMP-001-TMP,temperature,25.0,Â°C,RUNNING,DoS Attack,1,simulator,358
36,2026-10-02T22:39:50.492289,factory/line1/pressure,vlv_001_pressure_sensor,VLV-001-PRS,pressure,0.42,kPa,RUNNING,DoS Attack,1,simulator,359
37,2026-10-02T22:39:50.492301,factory/line1/pressure,cmp_001_pressure_sensor,CMP-001-PRS,pressure,108.9,kPa,RUNNING,DoS Attack,1,simulator,360
38,2026-10-02T22:39:50.492303,factory/line1/current,cmp_001_current_sensor,CMP-001-CUR,current,3.8,A,RUNNING,DoS Attack,1,simulator,361
39,2026-10-02T22:39:50.549546,factory/line1/temperature,mtr_001_temperature_sensor,MTR-001-TMP,temperature,26.17,Â°C,RUNNING,DoS Attack,1,simulator,362
40,2026-10-02T22:39:50.549563,factory/line1/current,mtr_001_current_sensor,MTR-001-CUR,current,3.9,A,RUNNING,DoS Attack,1,simulator,363
41,2026-10-02T22:39:50.549611,factory/line1/voltage,mtr_001_voltage_sensor,MTR-001-VLT,voltage,225.47,V,RUNNING,DoS Attack,1,simulator,364
42,2026-10-02T22:39:50.549567,factory/line1/rpm,mtr_001_rpm_sensor,MTR-001-RPM,rpm,487.5,RPM,RUNNING,DoS Attack,1,simulator,365
43,2026-10-02T22:39:50.549606,factory/line1/vibration,mtr_001_vibration_sensor,MTR-001-VIB,vibration,0.1,g,RUNNING,DoS Attack,1,simulator,366
44,2026-10-02T22:39:50.549630,factory/line1/flow,pmp_001_flow_sensor,PMP-001-FLW,flow,29.25,L/min,RUNNING,DoS Attack,1,simulator,367
45,2026-10-02T22:39:50.549633,factory/line1/current,pmp_001_current_sensor,PMP-001-CUR,current,3.9,A,RUNNING,DoS Attack,1,simulator,368
46,2026-10-02T22:39:50.549615,factory/line1/pressure,pmp_001_pressure_sensor,PMP-001-PRS,pressure,3.6,kPa,RUNNING,DoS Attack,1,simulator,369
47,2026-10-02T22:39:50.549639,factory/line1/temperature,tnk_001_temperature_sensor,TNK-001-TMP,temperature,25.39,Â°C,RUNNING,DoS Attack,1,simulator,370
48,2026-10-02T22:39:50.549643,factory/line1/pressure,tnk_001_pressure_sensor,TNK-001-PRS,pressure,101.3,kPa,RUNNING,DoS Attack,1,simulator,371
49,2026-10-02T22:39:50.549649,factory/line1/rpm,cnv_001_rpm_sensor,CNV-001-RPM,rpm,390.0,RPM,RUNNING,DoS Attack,1,simulator,372
50,2026-10-02T22:39:50.549661,factory/line1/current,cnv_001_current_sensor,CNV-001-CUR,current,1.95,A,RUNNING,DoS Attack,1,simulator,373
51,2026-10-02T22:39:50.549646,factory/line1/humidity,tnk_001_humidity_sensor,TNK-001-HUM,humidity,69.73,%,RUNNING,,0,simulator,374
52,2026-10-02T22:39:50.549664,factory/line1/proximity,cnv_001_proximity_sensor,CNV-001-PRX,proximity,271.82,mm,RUNNING,,0,simulator,375
53,2026-10-02T22:39:50.549666,factory/line1/pressure,vlv_001_pressure_sensor,VLV-001-PRS,pressure,0.42,kPa,RUNNING,,0,simulator,376
54,2026-10-02T22:39:50.549637,factory/line1/level,tnk_001_level_sensor,TNK-001-LVL,level,50.0,%,RUNNING,,0,simulator,377
55,2026-10-02T22:39:50.549680,factory/line1/pressure,cmp_001_pressure_sensor,CMP-001-PRS,pressure,109.1,kPa,RUNNING,,0,simulator,378
56,2026-10-02T22:39:50.549683,factory/line1/current,cmp_001_current_sensor,CMP-001-CUR,current,3.9,A,RUNNING,,0,simulator,379
57,2026-10-02T22:39:50.549678,factory/line1/temperature,cmp_001_temperature_sensor,CMP-001-TMP,temperature,25.0,Â°C,RUNNING,,0,simulator,380
58,2026-10-02T22:39:50.606946,factory/line1/temperature,mtr_001_temperature_sensor,MTR-001-TMP,temperature,26.2,Â°C,RUNNING,,0,simulator,381
59,2026-10-02T22:39:50.606963,factory/line1/current,mtr_001_current_sensor,MTR-001-CUR,current,4.0,A,RUNNING,,0,simulator,382
60,2026-10-02T22:39:50.606967,factory/line1/rpm,mtr_001_rpm_sensor,MTR-001-RPM,rpm,500.0,RPM,RUNNING,,0,simulator,383
61,2026-10-02T22:39:50.607011,factory/line1/vibration,mtr_001_vibration_sensor,MTR-001-VIB,vibration,0.1,g,RUNNING,,0,simulator,384
62,2026-10-02T22:39:50.607018,factory/line1/voltage,mtr_001_voltage_sensor,MTR-001-VLT,voltage,235.64,V,RUNNING,,0,simulator,385
63,2026-10-02T22:39:50.607021,factory/line1/pressure,pmp_001_pressure_sensor,PMP-001-PRS,pressure,3.69,kPa,RUNNING,,0,simulator,386
64,2026-10-02T22:39:50.607038,factory/line1/flow,pmp_001_flow_sensor,PMP-001-FLW,flow,30.0,L/min,RUNNING,,0,simulator,387
65,2026-10-02T22:39:50.607047,factory/line1/level,tnk_001_level_sensor,TNK-001-LVL,level,50.0,%,RUNNING,,0,simulator,388
66,2026-10-02T22:39:50.607050,factory/line1/temperature,tnk_001_temperature_sensor,TNK-001-TMP,temperature,25.4,Â°C,RUNNING,,0,simulator,389
67,2026-10-02T22:39:50.607041,factory/line1/current,pmp_001_current_sensor,PMP-001-CUR,current,4.0,A,RUNNING,,0,simulator,390
68,2026-10-02T22:39:50.607053,factory/line1/pressure,tnk_001_pressure_sensor,TNK-001-PRS,pressure,101.3,kPa,RUNNING,,0,simulator,391
69,2026-10-02T22:39:50.607057,factory/line1/humidity,tnk_001_humidity_sensor,TNK-001-HUM,humidity,41.73,%,RUNNING,,0,simulator,392
70,2026-10-02T22:39:50.607074,factory/line1/current,cnv_001_current_sensor,CNV-001-CUR,current,2.0,A,RUNNING,,0,simulator,393
71,2026-10-02T22:39:50.607060,factory/line1/rpm,cnv_001_rpm_sensor,CNV-001-RPM,rpm,400.0,RPM,RUNNING,,0,simulator,394
72,2026-10-02T22:39:50.607077,factory/line1/proximity,cnv_001_proximity_sensor,CNV-001-PRX,proximity,288.83,mm,RUNNING,,0,simulator,395
73,2026-10-02T22:39:50.607093,factory/line1/temperature,cmp_001_temperature_sensor,CMP-001-TMP,temperature,25.0,Â°C,RUNNING,,0,simulator,396
74,2026-10-02T22:39:50.607099,factory/line1/current,cmp_001_current_sensor,CMP-001-CUR,current,4.0,A,RUNNING,,0,simulator,397
75,2026-10-02T22:39:50.607080,factory/line1/pressure,vlv_001_pressure_sensor,VLV-001-PRS,pressure,0.52,kPa,RUNNING,,0,simulator,398
76,2026-10-02T22:39:50.607096,factory/line1/pressure,cmp_001_pressure_sensor,CMP-001-PRS,pressure,109.3,kPa,RUNNING,,0,simulator,399
77,2026-10-02T22:39:49.248442,factory/line1/current,cmp_001_current_sensor,CMP-001-CUR,current,1.6,A,RUNNING,Replay Attack,1,simulator,400
78,2026-10-02T22:39:49.755443,factory/line1/rpm,cnv_001_rpm_sensor,CNV-001-RPM,rpm,250.0,RPM,RUNNING,Replay Attack,1,simulator,401
79,2026-10-02T22:39:50.044073,factory/line1/pressure,cmp_001_pressure_sensor,CMP-001-PRS,pressure,107.3,kPa,RUNNING,Replay Attack,1,simulator,402
80,2026-10-02T22:39:48.624036,factory/line1/current,cmp_001_current_sensor,CMP-001-CUR,current,0.5,A,RUNNING,Replay Attack,1,simulator,403
81,2026-10-02T22:39:49.640620,factory/line1/vibration,mtr_001_vibration_sensor,MTR-001-VIB,vibration,0.1,g,RUNNING,Replay Attack,1,simulator,404
82,2026-10-02T22:39:49.027335,factory/line1/voltage,mtr_001_voltage_sensor,MTR-001-VLT,voltage,233.77,V,RUNNING,Replay Attack,1,simulator,405
83,2026-10-02T22:39:48.567462,factory/line1/proximity,cnv_001_proximity_sensor,CNV-001-PRX,proximity,307.25,mm,RUNNING,Replay Attack,1,simulator,406
84,2026-10-02T22:39:50.213246,factory/line1/vibration,mtr_001_vibration_sensor,MTR-001-VIB,vibration,0.1,g,RUNNING,Replay Attack,1,simulator,407
85,2026-10-02T22:39:49.138725,factory/line1/pressure,cmp_001_pressure_sensor,CMP-001-PRS,pressure,104.1,kPa,RUNNING,Replay Attack,1,simulator,408
86,2026-10-02T22:39:49.698180,factory/line1/rpm,mtr_001_rpm_sensor,MTR-001-RPM,rpm,300.0,RPM,RUNNING,Replay Attack,1,simulator,409
87,2026-10-02T22:39:50.606946,factory/line1/temperature,mtr_001_temperature_sensor,MTR-001-TMP,temperature,26.2,Â°C,RUNNING,Replay Attack,1,simulator,410
88,2026-10-02T22:39:50.044032,factory/line1/humidity,tnk_001_humidity_sensor,TNK-001-HUM,humidity,66.49,%,RUNNING,Replay Attack,1,simulator,411
89,2026-10-02T22:39:49.698297,factory/line1/current,cnv_001_current_sensor,CNV-001-CUR,current,1.2,A,RUNNING,Replay Attack,1,simulator,412
90,2026-10-02T22:39:48.739083,factory/line1/temperature,cmp_001_temperature_sensor,CMP-001-TMP,temperature,25.0,Â°C,RUNNING,Replay Attack,1,simulator,413
91,2026-10-02T22:39:50.270342,factory/line1/proximity,cnv_001_proximity_sensor,CNV-001-PRX,proximity,473.28,mm,RUNNING,Replay Attack,1,simulator,414
92,2026-10-02T22:39:49.755308,factory/line1/temperature,mtr_001_temperature_sensor,MTR-001-TMP,temperature,25.75,Â°C,RUNNING,Replay Attack,1,simulator,415
93,2026-10-02T22:39:50.327307,factory/line1/current,mtr_001_current_sensor,MTR-001-CUR,current,3.5,A,RUNNING,Replay Attack,1,simulator,416
94,2026-10-02T22:39:48.624000,factory/line1/rpm,cnv_001_rpm_sensor,CNV-001-RPM,rpm,50.0,RPM,RUNNING,Replay Attack,1,simulator,417
95,2026-10-02T22:39:49.870167,factory/line1/flow,pmp_001_flow_sensor,PMP-001-FLW,flow,20.25,L/min,RUNNING,Replay Attack,1,simulator,418
96,2026-10-02T22:39:50.722590,factory/line1/temperature,mtr_001_temperature_sensor,MTR-001-TMP,temperature,26.26,Â°C,RUNNING,Replay Attack,1,simulator,419
97,2026-10-02T22:39:50.722611,factory/line1/rpm,mtr_001_rpm_sensor,MTR-001-RPM,rpm,525.0,RPM,RUNNING,Replay Attack,1,simulator,420
98,2026-10-02T22:39:50.722650,factory/line1/vibration,mtr_001_vibration_sensor,MTR-001-VIB,vibration,0.1,g,RUNNING,Replay Attack,1,simulator,421
99,2026-10-02T22:39:50.722606,factory/line1/current,mtr_001_current_sensor,MTR-001-CUR,current,4.2,A,RUNNING,Replay Attack,1,simulator,422
100,2026-10-02T22:39:50.722660,factory/line1/pressure,pmp_001_pressure_sensor,PMP-001-PRS,pressure,3.87,kPa,RUNNING,Replay Attack,1,simulator,423
101,2026-10-02T22:39:50.722698,factory/line1/pressure,tnk_001_pressure_sensor,TNK-001-PRS,pressure,101.3,kPa,RUNNING,Replay Attack,1,simulator,424
102,2026-10-02T22:39:50.722656,factory/line1/voltage,mtr_001_voltage_sensor,MTR-001-VLT,voltage,226.76,V,RUNNING,Replay Attack,1,simulator,425
103,2026-10-02T22:39:50.722694,factory/line1/temperature,tnk_001_temperature_sensor,TNK-001-TMP,temperature,25.42,Â°C,RUNNING,Replay Attack,1,simulator,426
104,2026-10-02T22:39:50.722683,factory/line1/flow,pmp_001_flow_sensor,PMP-001-FLW,flow,31.5,L/min,RUNNING,,0,simulator,427
105,2026-10-02T22:39:50.722690,factory/line1/level,tnk_001_level_sensor,TNK-001-LVL,level,50.0,%,RUNNING,,0,simulator,428
106,2026-10-02T22:39:50.722687,factory/line1/current,pmp_001_current_sensor,PMP-001-CUR,current,4.2,A,RUNNING,,0,simulator,429
107,2026-10-02T22:39:50.722705,factory/line1/rpm,cnv_001_rpm_sensor,CNV-001-RPM,rpm,420.0,RPM,RUNNING,,0,simulator,430
108,2026-10-02T22:39:50.722773,factory/line1/current,cnv_001_current_sensor,CNV-001-CUR,current,2.1,A,RUNNING,,0,simulator,431
109,2026-10-02T22:39:50.722702,factory/line1/humidity,tnk_001_humidity_sensor,TNK-001-HUM,humidity,41.65,%,RUNNING,,0,simulator,432
110,2026-10-02T22:39:50.722784,factory/line1/proximity,cnv_001_proximity_sensor,CNV-001-PRX,proximity,156.03,mm,RUNNING,,0,simulator,433
111,2026-10-02T22:39:50.722788,factory/line1/pressure,vlv_001_pressure_sensor,VLV-001-PRS,pressure,0.72,kPa,RUNNING,,0,simulator,434
112,2026-10-02T22:39:50.722849,factory/line1/current,cmp_001_current_sensor,CMP-001-CUR,current,4.2,A,RUNNING,,0,simulator,435
113,2026-10-02T22:39:50.722844,factory/line1/pressure,cmp_001_pressure_sensor,CMP-001-PRS,pressure,109.7,kPa,RUNNING,,0,simulator,436
114,2026-10-02T22:39:50.722838,factory/line1/temperature,cmp_001_temperature_sensor,CMP-001-TMP,temperature,25.0,Â°C,RUNNING,,0,simulator,437
115,2026-10-02T22:39:50.780175,factory/line1/temperature,mtr_001_temperature_sensor,MTR-001-TMP,temperature,26.29,Â°C,RUNNING,,0,simulator,438
116,2026-10-02T22:39:50.780197,factory/line1/current,mtr_001_current_sensor,MTR-001-CUR,current,4.3,A,RUNNING,,0,simulator,439
117,2026-10-02T22:39:50.780202,factory/line1/rpm,mtr_001_rpm_sensor,MTR-001-RPM,rpm,537.5,RPM,RUNNING,,0,simulator,440
118,2026-10-02T22:39:50.780256,factory/line1/vibration,mtr_001_vibration_sensor,MTR-001-VIB,vibration,0.1,g,RUNNING,,0,simulator,441
119,2026-10-02T22:39:50.780263,factory/line1/voltage,mtr_001_voltage_sensor,MTR-001-VLT,voltage,230.46,V,RUNNING,,0,simulator,442
120,2026-10-02T22:39:50.780270,factory/line1/pressure,pmp_001_pressure_sensor,PMP-001-PRS,pressure,3.97,kPa,RUNNING,,0,simulator,443
121,2026-10-02T22:39:50.780290,factory/line1/current,pmp_001_current_sensor,PMP-001-CUR,current,4.3,A,RUNNING,,0,simulator,444
122,2026-10-02T22:39:50.780297,factory/line1/temperature,tnk_001_temperature_sensor,TNK-001-TMP,temperature,25.43,Â°C,RUNNING,,0,simulator,445
123,2026-10-02T22:39:50.780287,factory/line1/flow,pmp_001_flow_sensor,PMP-001-FLW,flow,32.25,L/min,RUNNING,,0,simulator,446
124,2026-10-02T22:39:50.780294,factory/line1/level,tnk_001_level_sensor,TNK-001-LVL,level,50.0,%,RUNNING,,0,simulator,447
125,2026-10-02T22:39:50.780301,factory/line1/pressure,tnk_001_pressure_sensor,TNK-001-PRS,pressure,101.3,kPa,RUNNING,,0,simulator,448
126,2026-10-02T22:39:50.780308,factory/line1/rpm,cnv_001_rpm_sensor,CNV-001-RPM,rpm,430.0,RPM,RUNNING,,0,simulator,449
127,2026-10-02T22:39:50.780304,factory/line1/humidity,tnk_001_humidity_sensor,TNK-001-HUM,humidity,43.1,%,RUNNING,,0,simulator,450
128,2026-10-02T22:39:50.780322,factory/line1/current,cnv_001_current_sensor,CNV-001-CUR,current,2.15,A,RUNNING,,0,simulator,451
129,2026-10-02T22:39:50.780328,factory/line1/pressure,vlv_001_pressure_sensor,VLV-001-PRS,pressure,0.82,kPa,RUNNING,,0,simulator,452
130,2026-10-02T22:39:50.780326,factory/line1/proximity,cnv_001_proximity_sensor,CNV-001-PRX,proximity,290.72,mm,RUNNING,,0,simulator,453
131,2026-10-02T22:39:50.780342,factory/line1/temperature,cmp_001_temperature_sensor,CMP-001-TMP,temperature,25.0,Â°C,RUNNING,,0,simulator,454
132,2026-10-02T22:39:50.780348,factory/line1/current,cmp_001_current_sensor,CMP-001-CUR,current,4.3,A,RUNNING,,0,simulator,455
133,2026-10-02T22:39:50.780345,factory/line1/pressure,cmp_001_pressure_sensor,CMP-001-PRS,pressure,109.9,kPa,RUNNING,,0,simulator,456
134,2026-10-02T22:39:50.835950,factory/line1/temperature,mtr_001_temperature_sensor,MTR-001-TMP,temperature,26.32,Â°C,RUNNING,Packet Delay Attack,1,simulator,457
135,2026-10-02T22:39:50.835975,factory/line1/rpm,mtr_001_rpm_sensor,MTR-001-RPM,rpm,550.0,RPM,RUNNING,Packet Delay Attack,1,simulator,458
136,2026-10-02T22:39:50.835969,factory/line1/current,mtr_001_current_sensor,MTR-001-CUR,current,4.4,A,RUNNING,Packet Delay Attack,1,simulator,459
137,2026-10-02T22:39:50.836033,factory/line1/voltage,mtr_001_voltage_sensor,MTR-001-VLT,voltage,220.27,V,RUNNING,Packet Delay Attack,1,simulator,460
138,2026-10-02T22:39:50.836026,factory/line1/vibration,mtr_001_vibration_sensor,MTR-001-VIB,vibration,0.1,g,RUNNING,Packet Delay Attack,1,simulator,461
139,2026-10-02T22:39:50.836038,factory/line1/pressure,pmp_001_pressure_sensor,PMP-001-PRS,pressure,4.06,kPa,RUNNING,Packet Delay Attack,1,simulator,462
140,2026-10-02T22:39:50.836061,factory/line1/current,pmp_001_current_sensor,PMP-001-CUR,current,4.4,A,RUNNING,Packet Delay Attack,1,simulator,463
141,2026-10-02T22:39:50.836057,factory/line1/flow,pmp_001_flow_sensor,PMP-001-FLW,flow,33.0,L/min,RUNNING,Packet Delay Attack,1,simulator,464
142,2026-10-02T22:39:50.836065,factory/line1/level,tnk_001_level_sensor,TNK-001-LVL,level,50.0,%,RUNNING,Packet Delay Attack,1,simulator,465
143,2026-10-02T22:39:50.836069,factory/line1/temperature,tnk_001_temperature_sensor,TNK-001-TMP,temperature,25.44,Â°C,RUNNING,Packet Delay Attack,1,simulator,466
144,2026-10-02T22:39:50.836077,factory/line1/humidity,tnk_001_humidity_sensor,TNK-001-HUM,humidity,60.96,%,RUNNING,Packet Delay Attack,1,simulator,467
145,2026-10-02T22:39:50.836080,factory/line1/rpm,cnv_001_rpm_sensor,CNV-001-RPM,rpm,440.0,RPM,RUNNING,Packet Delay Attack,1,simulator,468
146,2026-10-02T22:39:50.836073,factory/line1/pressure,tnk_001_pressure_sensor,TNK-001-PRS,pressure,101.3,kPa,RUNNING,Packet Delay Attack,1,simulator,469
147,2026-10-02T22:39:50.836119,factory/line1/temperature,cmp_001_temperature_sensor,CMP-001-TMP,temperature,25.0,Â°C,RUNNING,Packet Delay Attack,1,simulator,470
148,2026-10-02T22:39:50.836104,factory/line1/pressure,vlv_001_pressure_sensor,VLV-001-PRS,pressure,0.92,kPa,RUNNING,Packet Delay Attack,1,simulator,471
149,2026-10-02T22:39:50.836122,factory/line1/pressure,cmp_001_pressure_sensor,CMP-001-PRS,pressure,110.1,kPa,RUNNING,Packet Delay Attack,1,simulator,472
150,2026-10-02T22:39:50.836097,factory/line1/current,cnv_001_current_sensor,CNV-001-CUR,current,2.2,A,RUNNING,Packet Delay Attack,1,simulator,473
151,2026-10-02T22:39:50.836101,factory/line1/proximity,cnv_001_proximity_sensor,CNV-001-PRX,proximity,262.13,mm,RUNNING,Packet Delay Attack,1,simulator,474
152,2026-10-02T22:39:50.836126,factory/line1/current,cmp_001_current_sensor,CMP-001-CUR,current,4.4,A,RUNNING,Packet Delay Attack,1,simulator,475
153,2026-10-02T22:39:50.893775,factory/line1/temperature,mtr_001_temperature_sensor,MTR-001-TMP,temperature,26.35,Â°C,RUNNING,Packet Delay Attack,1,simulator,476
154,2026-10-02T22:39:50.893794,factory/line1/current,mtr_001_current_sensor,MTR-001-CUR,current,4.5,A,RUNNING,Packet Delay Attack,1,simulator,477
155,2026-10-02T22:39:50.893800,factory/line1/rpm,mtr_001_rpm_sensor,MTR-001-RPM,rpm,562.5,RPM,RUNNING,Packet Delay Attack,1,simulator,478
156,2026-10-02T22:39:50.893853,factory/line1/voltage,mtr_001_voltage_sensor,MTR-001-VLT,voltage,225.62,V,RUNNING,Packet Delay Attack,1,simulator,479
157,2026-10-02T22:39:50.893846,factory/line1/vibration,mtr_001_vibration_sensor,MTR-001-VIB,vibration,0.1,g,RUNNING,Packet Delay Attack,1,simulator,480
158,2026-10-02T22:39:50.893880,factory/line1/flow,pmp_001_flow_sensor,PMP-001-FLW,flow,33.75,L/min,RUNNING,Packet Delay Attack,1,simulator,481
159,2026-10-02T22:39:50.893858,factory/line1/pressure,pmp_001_pressure_sensor,PMP-001-PRS,pressure,4.15,kPa,RUNNING,Packet Delay Attack,1,simulator,482
160,2026-10-02T22:39:50.893885,factory/line1/current,pmp_001_current_sensor,PMP-001-CUR,current,4.5,A,RUNNING,Packet Delay Attack,1,simulator,483
161,2026-10-02T22:39:50.893890,factory/line1/level,tnk_001_level_sensor,TNK-001-LVL,level,50.0,%,RUNNING,Packet Delay Attack,1,simulator,484
162,2026-10-02T22:39:50.893895,factory/line1/temperature,tnk_001_temperature_sensor,TNK-001-TMP,temperature,25.45,Â°C,RUNNING,Packet Delay Attack,1,simulator,485
163,2026-10-02T22:39:50.893909,factory/line1/rpm,cnv_001_rpm_sensor,CNV-001-RPM,rpm,450.0,RPM,RUNNING,Packet Delay Attack,1,simulator,486
164,2026-10-02T22:39:50.893899,factory/line1/pressure,tnk_001_pressure_sensor,TNK-001-PRS,pressure,101.3,kPa,RUNNING,Packet Delay Attack,1,simulator,487
165,2026-10-02T22:39:50.893904,factory/line1/humidity,tnk_001_humidity_sensor,TNK-001-HUM,humidity,51.27,%,RUNNING,Packet Delay Attack,1,simulator,488
166,2026-10-02T22:39:50.893929,factory/line1/current,cnv_001_current_sensor,CNV-001-CUR,current,2.25,A,RUNNING,Packet Delay Attack,1,simulator,489
167,2026-10-02T22:39:50.893933,factory/line1/proximity,cnv_001_proximity_sensor,CNV-001-PRX,proximity,443.85,mm,RUNNING,Packet Delay Attack,1,simulator,490
168,2026-10-02T22:39:50.893937,factory/line1/pressure,vlv_001_pressure_sensor,VLV-001-PRS,pressure,1.02,kPa,RUNNING,Packet Delay Attack,1,simulator,491
169,2026-10-02T22:39:50.893956,factory/line1/temperature,cmp_001_temperature_sensor,CMP-001-TMP,temperature,25.0,Â°C,RUNNING,Packet Delay Attack,1,simulator,492
170,2026-10-02T22:39:50.893965,factory/line1/current,cmp_001_current_sensor,CMP-001-CUR,current,4.5,A,RUNNING,Packet Delay Attack,1,simulator,493
171,2026-10-02T22:39:50.893960,factory/line1/pressure,cmp_001_pressure_sensor,CMP-001-PRS,pressure,110.3,kPa,RUNNING,,0,simulator,494
172,2026-10-02T22:39:50.952580,factory/line1/temperature,mtr_001_temperature_sensor,MTR-001-TMP,temperature,26.38,Â°C,RUNNING,,0,simulator,495
173,2026-10-02T22:39:50.952604,factory/line1/rpm,mtr_001_rpm_sensor,MTR-001-RPM,rpm,575.0,RPM,RUNNING,,0,simulator,496
174,2026-10-02T22:39:50.952598,factory/line1/current,mtr_001_current_sensor,MTR-001-CUR,current,4.6,A,RUNNING,,0,simulator,497
175,2026-10-02T22:39:50.952665,factory/line1/voltage,mtr_001_voltage_sensor,MTR-001-VLT,voltage,232.22,V,RUNNING,,0,simulator,498
176,2026-10-02T22:39:50.952657,factory/line1/vibration,mtr_001_vibration_sensor,MTR-001-VIB,vibration,0.1,g,RUNNING,,0,simulator,499
177,2026-10-02T22:39:50.952671,factory/line1/pressure,pmp_001_pressure_sensor,PMP-001-PRS,pressure,4.24,kPa,RUNNING,,0,simulator,500
178,2026-10-02T22:39:50.952695,factory/line1/flow,pmp_001_flow_sensor,PMP-001-FLW,flow,34.5,L/min,RUNNING,,0,simulator,501
179,2026-10-02T22:39:50.952700,factory/line1/current,pmp_001_current_sensor,PMP-001-CUR,current,4.6,A,RUNNING,,0,simulator,502
180,2026-10-02T22:39:50.952705,factory/line1/level,tnk_001_level_sensor,TNK-001-LVL,level,50.0,%,RUNNING,,0,simulator,503
181,2026-10-02T22:39:50.952715,factory/line1/pressure,tnk_001_pressure_sensor,TNK-001-PRS,pressure,101.3,kPa,RUNNING,,0,simulator,504
182,2026-10-02T22:39:50.952721,factory/line1/humidity,tnk_001_humidity_sensor,TNK-001-HUM,humidity,47.01,%,RUNNING,,0,simulator,505
183,2026-10-02T22:39:50.952710,factory/line1/temperature,tnk_001_temperature_sensor,TNK-001-TMP,temperature,25.46,Â°C,RUNNING,,0,simulator,506
184,2026-10-02T22:39:50.952726,factory/line1/rpm,cnv_001_rpm_sensor,CNV-001-RPM,rpm,460.0,RPM,RUNNING,,0,simulator,507
185,2026-10-02T22:39:50.952755,factory/line1/pressure,vlv_001_pressure_sensor,VLV-001-PRS,pressure,1.12,kPa,RUNNING,,0,simulator,508
186,2026-10-02T22:39:50.952774,factory/line1/temperature,cmp_001_temperature_sensor,CMP-001-TMP,temperature,25.0,Â°C,RUNNING,,0,simulator,509
187,2026-10-02T22:39:50.952746,factory/line1/current,cnv_001_current_sensor,CNV-001-CUR,current,2.3,A,RUNNING,,0,simulator,510
188,2026-10-02T22:39:50.952778,factory/line1/pressure,cmp_001_pressure_sensor,CMP-001-PRS,pressure,110.5,kPa,RUNNING,,0,simulator,511
189,2026-10-02T22:39:50.952751,factory/line1/proximity,cnv_001_proximity_sensor,CNV-001-PRX,proximity,131.59,mm,RUNNING,,0,simulator,512
190,2026-10-02T22:39:50.952783,factory/line1/current,cmp_001_current_sensor,CMP-001-CUR,current,4.6,A,RUNNING,,0,simulator,513
191,2026-10-02T22:39:51.010486,factory/line1/current,mtr_001_current_sensor,MTR-001-CUR,current,4.7,A,RUNNING,Packet Drop Attack,1,simulator,514
192,2026-10-02T22:39:51.010464,factory/line1/temperature,mtr_001_temperature_sensor,MTR-001-TMP,temperature,26.41,Â°C,RUNNING,Packet Drop Attack,1,simulator,515
193,2026-10-02T22:39:51.010492,factory/line1/rpm,mtr_001_rpm_sensor,MTR-001-RPM,rpm,587.5,RPM,RUNNING,Packet Drop Attack,1,simulator,516
194,2026-10-02T22:39:51.010539,factory/line1/vibration,mtr_001_vibration_sensor,MTR-001-VIB,vibration,0.1,g,RUNNING,Packet Drop Attack,1,simulator,517
195,2026-10-02T22:39:51.010548,factory/line1/voltage,mtr_001_voltage_sensor,MTR-001-VLT,voltage,236.91,V,RUNNING,Packet Drop Attack,1,simulator,518
196,2026-10-02T22:39:51.010554,factory/line1/pressure,pmp_001_pressure_sensor,PMP-001-PRS,pressure,4.34,kPa,RUNNING,Packet Drop Attack,1,simulator,519
197,2026-10-02T22:39:51.010577,factory/line1/flow,pmp_001_flow_sensor,PMP-001-FLW,flow,35.25,L/min,RUNNING,Packet Drop Attack,1,simulator,520
198,2026-10-02T22:39:51.010582,factory/line1/current,pmp_001_current_sensor,PMP-001-CUR,current,4.7,A,RUNNING,Packet Drop Attack,1,simulator,521
199,2026-10-02T22:39:51.010631,factory/line1/proximity,cnv_001_proximity_sensor,CNV-001-PRX,proximity,267.77,mm,RUNNING,Packet Drop Attack,1,simulator,522
200,2026-10-02T22:39:51.010626,factory/line1/current,cnv_001_current_sensor,CNV-001-CUR,current,2.35,A,RUNNING,Packet Drop Attack,1,simulator,523
201,2026-10-02T22:39:51.010592,factory/line1/temperature,tnk_001_temperature_sensor,TNK-001-TMP,temperature,25.47,Â°C,RUNNING,Packet Drop Attack,1,simulator,524
202,2026-10-02T22:39:51.010596,factory/line1/pressure,tnk_001_pressure_sensor,TNK-001-PRS,pressure,101.3,kPa,RUNNING,Packet Drop Attack,1,simulator,525
203,2026-10-02T22:39:51.010587,factory/line1/level,tnk_001_level_sensor,TNK-001-LVL,level,50.01,%,RUNNING,Packet Drop Attack,1,simulator,526
204,2026-10-02T22:39:51.010601,factory/line1/humidity,tnk_001_humidity_sensor,TNK-001-HUM,humidity,61.58,%,RUNNING,Packet Drop Attack,1,simulator,527
205,2026-10-02T22:39:51.010662,factory/line1/current,cmp_001_current_sensor,CMP-001-CUR,current,4.7,A,RUNNING,Packet Drop Attack,1,simulator,528
206,2026-10-02T22:39:51.010606,factory/line1/rpm,cnv_001_rpm_sensor,CNV-001-RPM,rpm,470.0,RPM,RUNNING,Packet Drop Attack,1,simulator,529
207,2026-10-02T22:39:51.010658,factory/line1/pressure,cmp_001_pressure_sensor,CMP-001-PRS,pressure,110.7,kPa,RUNNING,Packet Drop Attack,1,simulator,530
208,2026-10-02T22:39:51.010653,factory/line1/temperature,cmp_001_temperature_sensor,CMP-001-TMP,temperature,25.0,Â°C,RUNNING,Packet Drop Attack,1,simulator,531
209,2026-10-02T22:39:51.010635,factory/line1/pressure,vlv_001_pressure_sensor,VLV-001-PRS,pressure,1.22,kPa,RUNNING,Packet Drop Attack,1,simulator,532
210,2026-10-02T22:39:51.068665,factory/line1/temperature,mtr_001_temperature_sensor,MTR-001-TMP,temperature,26.44,Â°C,RUNNING,,0,simulator,533
211,2026-10-02T22:39:51.068689,factory/line1/rpm,mtr_001_rpm_sensor,MTR-001-RPM,rpm,600.0,RPM,RUNNING,,0,simulator,534
212,2026-10-02T22:39:51.068684,factory/line1/current,mtr_001_current_sensor,MTR-001-CUR,current,4.8,A,RUNNING,,0,simulator,535
213,2026-10-02T22:39:51.068946,factory/line1/vibration,mtr_001_vibration_sensor,MTR-001-VIB,vibration,0.1,g,RUNNING,,0,simulator,536
214,2026-10-02T22:39:51.068956,factory/line1/voltage,mtr_001_voltage_sensor,MTR-001-VLT,voltage,227.43,V,RUNNING,,0,simulator,537
215,2026-10-02T22:39:51.069135,factory/line1/level,tnk_001_level_sensor,TNK-001-LVL,level,50.01,%,RUNNING,,0,simulator,538
216,2026-10-02T22:39:51.069141,factory/line1/temperature,tnk_001_temperature_sensor,TNK-001-TMP,temperature,25.48,Â°C,RUNNING,,0,simulator,539
217,2026-10-02T22:39:51.068962,factory/line1/pressure,pmp_001_pressure_sensor,PMP-001-PRS,pressure,4.43,kPa,RUNNING,,0,simulator,540
218,2026-10-02T22:39:51.069146,factory/line1/pressure,tnk_001_pressure_sensor,TNK-001-PRS,pressure,101.3,kPa,RUNNING,,0,simulator,541
219,2026-10-02T22:39:51.069128,factory/line1/current,pmp_001_current_sensor,PMP-001-CUR,current,4.8,A,RUNNING,,0,simulator,542
220,2026-10-02T22:39:51.069153,factory/line1/humidity,tnk_001_humidity_sensor,TNK-001-HUM,humidity,63.91,%,RUNNING,,0,simulator,543
221,2026-10-02T22:39:51.069113,factory/line1/flow,pmp_001_flow_sensor,PMP-001-FLW,flow,36.0,L/min,RUNNING,,0,simulator,544
222,2026-10-02T22:39:51.069218,factory/line1/pressure,vlv_001_pressure_sensor,VLV-001-PRS,pressure,1.32,kPa,RUNNING,,0,simulator,545
223,2026-10-02T22:39:51.069208,factory/line1/current,cnv_001_current_sensor,CNV-001-CUR,current,2.4,A,RUNNING,,0,simulator,546
224,2026-10-02T22:39:51.069158,factory/line1/rpm,cnv_001_rpm_sensor,CNV-001-RPM,rpm,480.0,RPM,RUNNING,,0,simulator,547
225,2026-10-02T22:39:51.069214,factory/line1/proximity,cnv_001_proximity_sensor,CNV-001-PRX,proximity,57.29,mm,RUNNING,,0,simulator,548
226,2026-10-02T22:39:51.069392,factory/line1/current,cmp_001_current_sensor,CMP-001-CUR,current,4.8,A,RUNNING,,0,simulator,549
227,2026-10-02T22:39:51.069369,factory/line1/temperature,cmp_001_temperature_sensor,CMP-001-TMP,temperature,25.0,Â°C,RUNNING,,0,simulator,550
228,2026-10-02T22:39:51.069385,factory/line1/pressure,cmp_001_pressure_sensor,CMP-001-PRS,pressure,110.9,kPa,RUNNING,,0,simulator,551
229,2026-10-02T22:39:51.126820,factory/line1/temperature,mtr_001_temperature_sensor,MTR-001-TMP,temperature,26.47,Â°C,RUNNING,,0,simulator,552
230,2026-10-02T22:39:51.126839,factory/line1/current,mtr_001_current_sensor,MTR-001-CUR,current,4.9,A,RUNNING,,0,simulator,553
231,2026-10-02T22:39:51.126844,factory/line1/rpm,mtr_001_rpm_sensor,MTR-001-RPM,rpm,612.5,RPM,RUNNING,,0,simulator,554
232,2026-10-02T22:39:51.126897,factory/line1/vibration,mtr_001_vibration_sensor,MTR-001-VIB,vibration,0.1,g,RUNNING,,0,simulator,555
233,2026-10-02T22:39:51.126908,factory/line1/pressure,pmp_001_pressure_sensor,PMP-001-PRS,pressure,4.52,kPa,RUNNING,,0,simulator,556
234,2026-10-02T22:39:51.126904,factory/line1/voltage,mtr_001_voltage_sensor,MTR-001-VLT,voltage,225.28,V,RUNNING,,0,simulator,557
235,2026-10-02T22:39:51.126931,factory/line1/flow,pmp_001_flow_sensor,PMP-001-FLW,flow,36.75,L/min,RUNNING,,0,simulator,558
236,2026-10-02T22:39:51.126935,factory/line1/current,pmp_001_current_sensor,PMP-001-CUR,current,4.9,A,RUNNING,,0,simulator,559
237,2026-10-02T22:39:51.126940,factory/line1/level,tnk_001_level_sensor,TNK-001-LVL,level,50.01,%,RUNNING,,0,simulator,560
238,2026-10-02T22:39:51.126944,factory/line1/temperature,tnk_001_temperature_sensor,TNK-001-TMP,temperature,25.49,Â°C,RUNNING,,0,simulator,561
239,2026-10-02T22:39:51.126952,factory/line1/humidity,tnk_001_humidity_sensor,TNK-001-HUM,humidity,40.56,%,RUNNING,,0,simulator,562
240,2026-10-02T22:39:51.126956,factory/line1/rpm,cnv_001_rpm_sensor,CNV-001-RPM,rpm,490.0,RPM,RUNNING,,0,simulator,563
241,2026-10-02T22:39:51.126975,factory/line1/current,cnv_001_current_sensor,CNV-001-CUR,current,2.45,A,RUNNING,,0,simulator,564
242,2026-10-02T22:39:51.126983,factory/line1/pressure,vlv_001_pressure_sensor,VLV-001-PRS,pressure,1.42,kPa,RUNNING,,0,simulator,565
243,2026-10-02T22:39:51.127003,factory/line1/pressure,cmp_001_pressure_sensor,CMP-001-PRS,pressure,111.1,kPa,RUNNING,,0,simulator,566
244,2026-10-02T22:39:51.126999,factory/line1/temperature,cmp_001_temperature_sensor,CMP-001-TMP,temperature,25.0,Â°C,RUNNING,,0,simulator,567
245,2026-10-02T22:39:51.126947,factory/line1/pressure,tnk_001_pressure_sensor,TNK-001-PRS,pressure,101.3,kPa,RUNNING,,0,simulator,568
246,2026-10-02T22:39:51.126979,factory/line1/proximity,cnv_001_proximity_sensor,CNV-001-PRX,proximity,102.97,mm,RUNNING,,0,simulator,569
247,2026-10-02T22:39:51.127006,factory/line1/current,cmp_001_current_sensor,CMP-001-CUR,current,4.9,A,RUNNING,,0,simulator,570
248,2026-10-02T22:39:51.184580,attacker/hijacked,mtr_001_temperature_sensor,MTR-001-TMP,temperature,26.5,Â°C,RUNNING,MQTT Topic Hijacking,1,simulator,571
249,2026-10-02T22:39:51.184601,attacker/hijacked,mtr_001_current_sensor,MTR-001-CUR,current,5.0,A,RUNNING,MQTT Topic Hijacking,1,simulator,572
250,2026-10-02T22:39:51.184605,attacker/hijacked,mtr_001_rpm_sensor,MTR-001-RPM,rpm,625.0,RPM,RUNNING,MQTT Topic Hijacking,1,simulator,573
251,2026-10-02T22:39:51.184640,attacker/hijacked,mtr_001_vibration_sensor,MTR-001-VIB,vibration,0.1,g,RUNNING,MQTT Topic Hijacking,1,simulator,574
252,2026-10-02T22:39:51.184648,attacker/hijacked,mtr_001_voltage_sensor,MTR-001-VLT,voltage,225.67,V,RUNNING,MQTT Topic Hijacking,1,simulator,575
253,2026-10-02T22:39:51.184652,attacker/hijacked,pmp_001_pressure_sensor,PMP-001-PRS,pressure,4.61,kPa,RUNNING,MQTT Topic Hijacking,1,simulator,576
254,2026-10-02T22:39:51.184669,attacker/hijacked,pmp_001_flow_sensor,PMP-001-FLW,flow,37.5,L/min,RUNNING,MQTT Topic Hijacking,1,simulator,577
255,2026-10-02T22:39:51.184677,attacker/hijacked,tnk_001_level_sensor,TNK-001-LVL,level,50.01,%,RUNNING,MQTT Topic Hijacking,1,simulator,578
256,2026-10-02T22:39:51.184673,attacker/hijacked,pmp_001_current_sensor,PMP-001-CUR,current,5.0,A,RUNNING,MQTT Topic Hijacking,1,simulator,579
257,2026-10-02T22:39:51.184683,attacker/hijacked,tnk_001_pressure_sensor,TNK-001-PRS,pressure,101.3,kPa,RUNNING,MQTT Topic Hijacking,1,simulator,580
258,2026-10-02T22:39:51.184680,attacker/hijacked,tnk_001_temperature_sensor,TNK-001-TMP,temperature,25.5,Â°C,RUNNING,MQTT Topic Hijacking,1,simulator,581
259,2026-10-02T22:39:51.184687,attacker/hijacked,tnk_001_humidity_sensor,TNK-001-HUM,humidity,65.24,%,RUNNING,MQTT Topic Hijacking,1,simulator,582
260,2026-10-02T22:39:51.184706,attacker/hijacked,cnv_001_proximity_sensor,CNV-001-PRX,proximity,396.77,mm,RUNNING,MQTT Topic Hijacking,1,simulator,583
261,2026-10-02T22:39:51.184690,attacker/hijacked,cnv_001_rpm_sensor,CNV-001-RPM,rpm,500.0,RPM,RUNNING,MQTT Topic Hijacking,1,simulator,584
262,2026-10-02T22:39:51.184722,attacker/hijacked,cmp_001_temperature_sensor,CMP-001-TMP,temperature,25.0,Â°C,RUNNING,MQTT Topic Hijacking,1,simulator,585
263,2026-10-02T22:39:51.184703,attacker/hijacked,cnv_001_current_sensor,CNV-001-CUR,current,2.5,A,RUNNING,MQTT Topic Hijacking,1,simulator,586
264,2026-10-02T22:39:51.184725,attacker/hijacked,cmp_001_pressure_sensor,CMP-001-PRS,pressure,111.3,kPa,RUNNING,MQTT Topic Hijacking,1,simulator,587
265,2026-10-02T22:39:51.184709,attacker/hijacked,vlv_001_pressure_sensor,VLV-001-PRS,pressure,1.52,kPa,RUNNING,MQTT Topic Hijacking,1,simulator,588
266,2026-10-02T22:39:51.184728,attacker/hijacked,cmp_001_current_sensor,CMP-001-CUR,current,5.0,A,RUNNING,MQTT Topic Hijacking,1,simulator,589
267,2026-10-02T22:39:51.244372,attacker/hijacked,mtr_001_temperature_sensor,MTR-001-TMP,temperature,26.53,Â°C,RUNNING,MQTT Topic Hijacking,1,simulator,590
268,2026-10-02T22:39:51.244389,attacker/hijacked,mtr_001_current_sensor,MTR-001-CUR,current,5.1,A,RUNNING,MQTT Topic Hijacking,1,simulator,591
269,2026-10-02T22:39:51.244395,attacker/hijacked,mtr_001_rpm_sensor,MTR-001-RPM,rpm,637.5,RPM,RUNNING,MQTT Topic Hijacking,1,simulator,592
270,2026-10-02T22:39:51.244443,attacker/hijacked,mtr_001_voltage_sensor,MTR-001-VLT,voltage,226.7,V,RUNNING,MQTT Topic Hijacking,1,simulator,593
271,2026-10-02T22:39:51.244437,attacker/hijacked,mtr_001_vibration_sensor,MTR-001-VIB,vibration,0.1,g,RUNNING,MQTT Topic Hijacking,1,simulator,594
272,2026-10-02T22:39:51.244464,attacker/hijacked,pmp_001_flow_sensor,PMP-001-FLW,flow,38.25,L/min,RUNNING,MQTT Topic Hijacking,1,simulator,595
273,2026-10-02T22:39:51.244447,attacker/hijacked,pmp_001_pressure_sensor,PMP-001-PRS,pressure,4.7,kPa,RUNNING,MQTT Topic Hijacking,1,simulator,596
274,2026-10-02T22:39:51.244468,attacker/hijacked,pmp_001_current_sensor,PMP-001-CUR,current,5.1,A,RUNNING,MQTT Topic Hijacking,1,simulator,597
275,2026-10-02T22:39:51.244472,attacker/hijacked,tnk_001_level_sensor,TNK-001-LVL,level,50.01,%,RUNNING,MQTT Topic Hijacking,1,simulator,598
276,2026-10-02T22:39:51.244475,attacker/hijacked,tnk_001_temperature_sensor,TNK-001-TMP,temperature,25.51,Â°C,RUNNING,MQTT Topic Hijacking,1,simulator,599
277,2026-10-02T22:39:51.244478,attacker/hijacked,tnk_001_pressure_sensor,TNK-001-PRS,pressure,101.3,kPa,RUNNING,MQTT Topic Hijacking,1,simulator,600
278,2026-10-02T22:39:51.244482,attacker/hijacked,tnk_001_humidity_sensor,TNK-001-HUM,humidity,48.82,%,RUNNING,MQTT Topic Hijacking,1,simulator,601
279,2026-10-02T22:39:51.244485,attacker/hijacked,cnv_001_rpm_sensor,CNV-001-RPM,rpm,510.0,RPM,RUNNING,MQTT Topic Hijacking,1,simulator,602
280,2026-10-02T22:39:51.244499,attacker/hijacked,cnv_001_current_sensor,CNV-001-CUR,current,2.55,A,RUNNING,MQTT Topic Hijacking,1,simulator,603
281,2026-10-02T22:39:51.244519,attacker/hijacked,cmp_001_temperature_sensor,CMP-001-TMP,temperature,25.0,Â°C,RUNNING,MQTT Topic Hijacking,1,simulator,604
282,2026-10-02T22:39:51.244525,attacker/hijacked,cmp_001_current_sensor,CMP-001-CUR,current,5.1,A,RUNNING,MQTT Topic Hijacking,1,simulator,605
283,2026-10-02T22:39:51.244502,attacker/hijacked,cnv_001_proximity_sensor,CNV-001-PRX,proximity,344.5,mm,RUNNING,MQTT Topic Hijacking,1,simulator,606
284,2026-10-02T22:39:51.244505,attacker/hijacked,vlv_001_pressure_sensor,VLV-001-PRS,pressure,1.62,kPa,RUNNING,MQTT Topic Hijacking,1,simulator,607
285,2026-10-02T22:39:51.244522,attacker/hijacked,cmp_001_pressure_sensor,CMP-001-PRS,pressure,111.5,kPa,RUNNING,MQTT Topic Hijacking,1,simulator,608
286,2026-10-02T22:39:51.304731,factory/line1/temperature,mtr_001_temperature_sensor,MTR-001-TMP,temperature,26.56,Â°C,RUNNING,,0,simulator,609
287,2026-10-02T22:39:51.304754,factory/line1/current,mtr_001_current_sensor,MTR-001-CUR,current,5.2,A,RUNNING,,0,simulator,610
288,2026-10-02T22:39:51.304819,factory/line1/vibration,mtr_001_vibration_sensor,MTR-001-VIB,vibration,0.1,g,RUNNING,,0,simulator,611
289,2026-10-02T22:39:51.304759,factory/line1/rpm,mtr_001_rpm_sensor,MTR-001-RPM,rpm,650.0,RPM,RUNNING,,0,simulator,612
290,2026-10-02T22:39:51.304832,factory/line1/pressure,pmp_001_pressure_sensor,PMP-001-PRS,pressure,4.8,kPa,RUNNING,,0,simulator,613
291,2026-10-02T22:39:51.304828,factory/line1/voltage,mtr_001_voltage_sensor,MTR-001-VLT,voltage,229.59,V,RUNNING,,0,simulator,614
292,2026-10-02T22:39:51.304850,factory/line1/flow,pmp_001_flow_sensor,PMP-001-FLW,flow,39.0,L/min,RUNNING,,0,simulator,615
293,2026-10-02T22:39:51.304853,factory/line1/current,pmp_001_current_sensor,PMP-001-CUR,current,5.2,A,RUNNING,,0,simulator,616
294,2026-10-02T22:39:51.304857,factory/line1/level,tnk_001_level_sensor,TNK-001-LVL,level,50.01,%,RUNNING,,0,simulator,617
295,2026-10-02T22:39:51.304863,factory/line1/pressure,tnk_001_pressure_sensor,TNK-001-PRS,pressure,101.3,kPa,RUNNING,,0,simulator,618
296,2026-10-02T22:39:51.304860,factory/line1/temperature,tnk_001_temperature_sensor,TNK-001-TMP,temperature,25.52,Â°C,RUNNING,,0,simulator,619
297,2026-10-02T22:39:51.304867,factory/line1/humidity,tnk_001_humidity_sensor,TNK-001-HUM,humidity,66.3,%,RUNNING,,0,simulator,620
298,2026-10-02T22:39:51.304884,factory/line1/current,cnv_001_current_sensor,CNV-001-CUR,current,2.6,A,RUNNING,,0,simulator,621
299,2026-10-02T22:39:51.304870,factory/line1/rpm,cnv_001_rpm_sensor,CNV-001-RPM,rpm,520.0,RPM,RUNNING,,0,simulator,622
300,2026-10-02T22:39:51.304890,factory/line1/pressure,vlv_001_pressure_sensor,VLV-001-PRS,pressure,1.72,kPa,RUNNING,,0,simulator,623
301,2026-10-02T22:39:51.304904,factory/line1/temperature,cmp_001_temperature_sensor,CMP-001-TMP,temperature,25.0,Â°C,RUNNING,,0,simulator,624
302,2026-10-02T22:39:51.304888,factory/line1/proximity,cnv_001_proximity_sensor,CNV-001-PRX,proximity,424.99,mm,RUNNING,,0,simulator,625
303,2026-10-02T22:39:51.304911,factory/line1/current,cmp_001_current_sensor,CMP-001-CUR,current,5.2,A,RUNNING,,0,simulator,626
304,2026-10-02T22:39:51.304908,factory/line1/pressure,cmp_001_pressure_sensor,CMP-001-PRS,pressure,111.7,kPa,RUNNING,,0,simulator,627
305,2026-10-02T22:39:51.357272,factory/line1/current,mtr_001_current_sensor,MTR-001-CUR,current,5.3,A,RUNNING,,0,simulator,628
306,2026-10-02T22:39:51.357250,factory/line1/temperature,mtr_001_temperature_sensor,MTR-001-TMP,temperature,26.64,Â°C,RUNNING,Sensor Spoofing Attack,1,simulator,629
307,2026-10-02T22:39:51.357277,factory/line1/rpm,mtr_001_rpm_sensor,MTR-001-RPM,rpm,662.5,RPM,RUNNING,,0,simulator,630
308,2026-10-02T22:39:51.357328,factory/line1/voltage,mtr_001_voltage_sensor,MTR-001-VLT,voltage,239.53,V,RUNNING,,0,simulator,631
309,2026-10-02T22:39:51.357322,factory/line1/vibration,mtr_001_vibration_sensor,MTR-001-VIB,vibration,0.1,g,RUNNING,,0,simulator,632
310,2026-10-02T22:39:51.357349,factory/line1/flow,pmp_001_flow_sensor,PMP-001-FLW,flow,39.75,L/min,RUNNING,,0,simulator,633
311,2026-10-02T22:39:51.357332,factory/line1/pressure,pmp_001_pressure_sensor,PMP-001-PRS,pressure,4.89,kPa,RUNNING,,0,simulator,634
312,2026-10-02T22:39:51.357353,factory/line1/current,pmp_001_current_sensor,PMP-001-CUR,current,5.3,A,RUNNING,,0,simulator,635
313,2026-10-02T22:39:51.357357,factory/line1/level,tnk_001_level_sensor,TNK-001-LVL,level,50.01,%,RUNNING,,0,simulator,636
314,2026-10-02T22:39:51.357360,factory/line1/temperature,tnk_001_temperature_sensor,TNK-001-TMP,temperature,25.53,Â°C,RUNNING,,0,simulator,637
315,2026-10-02T22:39:51.357368,factory/line1/humidity,tnk_001_humidity_sensor,TNK-001-HUM,humidity,46.44,%,RUNNING,,0,simulator,638
316,2026-10-02T22:39:51.357364,factory/line1/pressure,tnk_001_pressure_sensor,TNK-001-PRS,pressure,101.3,kPa,RUNNING,,0,simulator,639
317,2026-10-02T22:39:51.357371,factory/line1/rpm,cnv_001_rpm_sensor,CNV-001-RPM,rpm,530.0,RPM,RUNNING,,0,simulator,640
318,2026-10-02T22:39:51.357391,factory/line1/pressure,vlv_001_pressure_sensor,VLV-001-PRS,pressure,1.82,kPa,RUNNING,,0,simulator,641
319,2026-10-02T22:39:51.357389,factory/line1/proximity,cnv_001_proximity_sensor,CNV-001-PRX,proximity,468.8,mm,RUNNING,,0,simulator,642
320,2026-10-02T22:39:51.357411,factory/line1/current,cmp_001_current_sensor,CMP-001-CUR,current,5.3,A,RUNNING,,0,simulator,643
321,2026-10-02T22:39:51.357408,factory/line1/pressure,cmp_001_pressure_sensor,CMP-001-PRS,pressure,111.9,kPa,RUNNING,,0,simulator,644
322,2026-10-02T22:39:51.357385,factory/line1/current,cnv_001_current_sensor,CNV-001-CUR,current,2.65,A,RUNNING,,0,simulator,645
323,2026-10-02T22:39:51.357405,factory/line1/temperature,cmp_001_temperature_sensor,CMP-001-TMP,temperature,25.0,Â°C,RUNNING,,0,simulator,646
324,2026-10-02T22:39:51.414485,factory/line1/temperature,mtr_001_temperature_sensor,MTR-001-TMP,temperature,26.72,Â°C,RUNNING,Sensor Spoofing Attack,1,simulator,647
325,2026-10-02T22:39:51.414503,factory/line1/current,mtr_001_current_sensor,MTR-001-CUR,current,5.4,A,RUNNING,,0,simulator,648
326,2026-10-02T22:39:51.414507,factory/line1/rpm,mtr_001_rpm_sensor,MTR-001-RPM,rpm,675.0,RPM,RUNNING,,0,simulator,649
327,2026-10-02T22:39:51.414571,factory/line1/flow,pmp_001_flow_sensor,PMP-001-FLW,flow,40.0,L/min,RUNNING,,0,simulator,650
328,2026-10-02T22:39:51.414550,factory/line1/voltage,mtr_001_voltage_sensor,MTR-001-VLT,voltage,224.37,V,RUNNING,,0,simulator,651
329,2026-10-02T22:39:51.414544,factory/line1/vibration,mtr_001_vibration_sensor,MTR-001-VIB,vibration,0.1,g,RUNNING,,0,simulator,652
330,2026-10-02T22:39:51.414554,factory/line1/pressure,pmp_001_pressure_sensor,PMP-001-PRS,pressure,4.92,kPa,RUNNING,,0,simulator,653
331,2026-10-02T22:39:51.414575,factory/line1/current,pmp_001_current_sensor,PMP-001-CUR,current,5.4,A,RUNNING,,0,simulator,654
332,2026-10-02T22:39:51.414581,factory/line1/temperature,tnk_001_temperature_sensor,TNK-001-TMP,temperature,25.54,Â°C,RUNNING,,0,simulator,655
333,2026-10-02T22:39:51.414578,factory/line1/level,tnk_001_level_sensor,TNK-001-LVL,level,50.01,%,RUNNING,,0,simulator,656
334,2026-10-02T22:39:51.414587,factory/line1/humidity,tnk_001_humidity_sensor,TNK-001-HUM,humidity,68.19,%,RUNNING,,0,simulator,657
335,2026-10-02T22:39:51.414604,factory/line1/current,cnv_001_current_sensor,CNV-001-CUR,current,2.7,A,RUNNING,,0,simulator,658
336,2026-10-02T22:39:51.414590,factory/line1/rpm,cnv_001_rpm_sensor,CNV-001-RPM,rpm,540.0,RPM,RUNNING,,0,simulator,659
337,2026-10-02T22:39:51.414609,factory/line1/pressure,vlv_001_pressure_sensor,VLV-001-PRS,pressure,1.92,kPa,RUNNING,,0,simulator,660
338,2026-10-02T22:39:51.414584,factory/line1/pressure,tnk_001_pressure_sensor,TNK-001-PRS,pressure,101.3,kPa,RUNNING,,0,simulator,661
339,2026-10-02T22:39:51.414625,factory/line1/pressure,cmp_001_pressure_sensor,CMP-001-PRS,pressure,112.1,kPa,RUNNING,,0,simulator,662
340,2026-10-02T22:39:51.414621,factory/line1/temperature,cmp_001_temperature_sensor,CMP-001-TMP,temperature,25.0,Â°C,RUNNING,,0,simulator,663
341,2026-10-02T22:39:51.414607,factory/line1/proximity,cnv_001_proximity_sensor,CNV-001-PRX,proximity,335.43,mm,RUNNING,,0,simulator,664
342,2026-10-02T22:39:51.414628,factory/line1/current,cmp_001_current_sensor,CMP-001-CUR,current,5.4,A,RUNNING,,0,simulator,665
343,2026-10-02T22:39:51.471793,factory/line1/temperature,mtr_001_temperature_sensor,MTR-001-TMP,temperature,26.65,Â°C,RUNNING,,0,simulator,666
344,2026-10-02T22:39:51.471812,factory/line1/current,mtr_001_current_sensor,MTR-001-CUR,current,5.5,A,RUNNING,False Data Injection Attack,1,simulator,667
345,2026-10-02T22:39:51.471815,factory/line1/rpm,mtr_001_rpm_sensor,MTR-001-RPM,rpm,687.5,RPM,RUNNING,False Data Injection Attack,1,simulator,668
346,2026-10-02T22:39:51.471885,factory/line1/voltage,mtr_001_voltage_sensor,MTR-001-VLT,voltage,231.65,V,RUNNING,False Data Injection Attack,1,simulator,669
347,2026-10-02T22:39:51.471930,factory/line1/flow,pmp_001_flow_sensor,PMP-001-FLW,flow,40.0,L/min,RUNNING,False Data Injection Attack,1,simulator,670
348,2026-10-02T22:39:51.471874,factory/line1/vibration,mtr_001_vibration_sensor,MTR-001-VIB,vibration,0.1,g,RUNNING,False Data Injection Attack,1,simulator,671
349,2026-10-02T22:39:51.471889,factory/line1/pressure,pmp_001_pressure_sensor,PMP-001-PRS,pressure,4.92,kPa,RUNNING,False Data Injection Attack,1,simulator,672
350,2026-10-02T22:39:51.471937,factory/line1/level,tnk_001_level_sensor,TNK-001-LVL,level,50.02,%,RUNNING,False Data Injection Attack,1,simulator,673
351,2026-10-02T22:39:51.471940,factory/line1/temperature,tnk_001_temperature_sensor,TNK-001-TMP,temperature,25.55,Â°C,RUNNING,False Data Injection Attack,1,simulator,674
352,2026-10-02T22:39:51.471934,factory/line1/current,pmp_001_current_sensor,PMP-001-CUR,current,5.5,A,RUNNING,False Data Injection Attack,1,simulator,675
353,2026-10-02T22:39:51.471942,factory/line1/pressure,tnk_001_pressure_sensor,TNK-001-PRS,pressure,101.3,kPa,RUNNING,False Data Injection Attack,1,simulator,676
354,2026-10-02T22:39:51.471946,factory/line1/humidity,tnk_001_humidity_sensor,TNK-001-HUM,humidity,58.67,%,RUNNING,False Data Injection Attack,1,simulator,677
355,2026-10-02T22:39:51.471993,factory/line1/current,cnv_001_current_sensor,CNV-001-CUR,current,2.75,A,RUNNING,False Data Injection Attack,1,simulator,678
356,2026-10-02T22:39:51.472006,factory/line1/pressure,vlv_001_pressure_sensor,VLV-001-PRS,pressure,2.02,kPa,RUNNING,False Data Injection Attack,1,simulator,679
357,2026-10-02T22:39:51.472002,factory/line1/proximity,cnv_001_proximity_sensor,CNV-001-PRX,proximity,228.59,mm,RUNNING,False Data Injection Attack,1,simulator,680
358,2026-10-02T22:39:51.471948,factory/line1/rpm,cnv_001_rpm_sensor,CNV-001-RPM,rpm,550.0,RPM,RUNNING,False Data Injection Attack,1,simulator,681
359,2026-10-02T22:39:51.472051,factory/line1/current,cmp_001_current_sensor,CMP-001-CUR,current,5.5,A,RUNNING,False Data Injection Attack,1,simulator,682
360,2026-10-02T22:39:51.472048,factory/line1/pressure,cmp_001_pressure_sensor,CMP-001-PRS,pressure,112.3,kPa,RUNNING,False Data Injection Attack,1,simulator,683
361,2026-10-02T22:39:51.472044,factory/line1/temperature,cmp_001_temperature_sensor,CMP-001-TMP,temperature,25.0,Â°C,RUNNING,False Data Injection Attack,1,simulator,684
362,2026-10-02T22:39:51.529017,factory/line1/temperature,mtr_001_temperature_sensor,MTR-001-TMP,temperature,27.25,Â°C,RUNNING,False Data Injection Attack,1,simulator,685
363,2026-10-02T22:39:51.529036,factory/line1/rpm,mtr_001_rpm_sensor,MTR-001-RPM,rpm,700.26,RPM,RUNNING,False Data Injection Attack,1,simulator,686
364,2026-10-02T22:39:51.529032,factory/line1/current,mtr_001_current_sensor,MTR-001-CUR,current,6.0,A,RUNNING,False Data Injection Attack,1,simulator,687
365,2026-10-02T22:39:51.529067,factory/line1/vibration,mtr_001_vibration_sensor,MTR-001-VIB,vibration,0.33,g,RUNNING,False Data Injection Attack,1,simulator,688
366,2026-10-02T22:39:51.529071,factory/line1/voltage,mtr_001_voltage_sensor,MTR-001-VLT,voltage,222.38,V,RUNNING,False Data Injection Attack,1,simulator,689
367,2026-10-02T22:39:51.529091,factory/line1/flow,pmp_001_flow_sensor,PMP-001-FLW,flow,40.03,L/min,RUNNING,False Data Injection Attack,1,simulator,690
368,2026-10-02T22:39:51.529075,factory/line1/pressure,pmp_001_pressure_sensor,PMP-001-PRS,pressure,4.63,kPa,RUNNING,False Data Injection Attack,1,simulator,691
369,2026-10-02T22:39:51.529094,factory/line1/current,pmp_001_current_sensor,PMP-001-CUR,current,5.3,A,RUNNING,False Data Injection Attack,1,simulator,692
370,2026-10-02T22:39:51.529097,factory/line1/level,tnk_001_level_sensor,TNK-001-LVL,level,50.22,%,RUNNING,False Data Injection Attack,1,simulator,693
371,2026-10-02T22:39:51.529101,factory/line1/temperature,tnk_001_temperature_sensor,TNK-001-TMP,temperature,25.65,Â°C,RUNNING,False Data Injection Attack,1,simulator,694
372,2026-10-02T22:39:51.529104,factory/line1/pressure,tnk_001_pressure_sensor,TNK-001-PRS,pressure,101.03,kPa,RUNNING,False Data Injection Attack,1,simulator,695
373,2026-10-02T22:39:51.529110,factory/line1/rpm,cnv_001_rpm_sensor,CNV-001-RPM,rpm,559.75,RPM,RUNNING,False Data Injection Attack,1,simulator,696
374,2026-10-02T22:39:51.529107,factory/line1/humidity,tnk_001_humidity_sensor,TNK-001-HUM,humidity,52.62,%,RUNNING,False Data Injection Attack,1,simulator,697
375,2026-10-02T22:39:51.529125,factory/line1/proximity,cnv_001_proximity_sensor,CNV-001-PRX,proximity,67.91,mm,RUNNING,False Data Injection Attack,1,simulator,698
376,2026-10-02T22:39:51.529122,factory/line1/current,cnv_001_current_sensor,CNV-001-CUR,current,3.05,A,RUNNING,False Data Injection Attack,1,simulator,699
377,2026-10-02T22:39:51.529128,factory/line1/pressure,vlv_001_pressure_sensor,VLV-001-PRS,pressure,2.48,kPa,RUNNING,False Data Injection Attack,1,simulator,700
378,2026-10-02T22:39:51.529143,factory/line1/pressure,cmp_001_pressure_sensor,CMP-001-PRS,pressure,112.07,kPa,RUNNING,False Data Injection Attack,1,simulator,701
379,2026-10-02T22:39:51.529140,factory/line1/temperature,cmp_001_temperature_sensor,CMP-001-TMP,temperature,24.77,Â°C,RUNNING,False Data Injection Attack,1,simulator,702
380,2026-10-02T22:39:51.529146,factory/line1/current,cmp_001_current_sensor,CMP-001-CUR,current,5.33,A,RUNNING,False Data Injection Attack,1,simulator,703
381,2026-10-02T22:39:51.586173,factory/line1/temperature,mtr_001_temperature_sensor,MTR-001-TMP,temperature,26.61,Â°C,RUNNING,False Data Injection Attack,1,simulator,704
382,2026-10-02T22:39:51.586225,factory/line1/vibration,mtr_001_vibration_sensor,MTR-001-VIB,vibration,-0.1,g,RUNNING,False Data Injection Attack,1,simulator,705
383,2026-10-02T22:39:51.586192,factory/line1/rpm,mtr_001_rpm_sensor,MTR-001-RPM,rpm,712.98,RPM,RUNNING,False Data Injection Attack,1,simulator,706
384,2026-10-02T22:39:51.586188,factory/line1/current,mtr_001_current_sensor,MTR-001-CUR,current,6.31,A,RUNNING,False Data Injection Attack,1,simulator,707
385,2026-10-02T22:39:51.586230,factory/line1/voltage,mtr_001_voltage_sensor,MTR-001-VLT,voltage,230.65,V,RUNNING,False Data Injection Attack,1,simulator,708
386,2026-10-02T22:39:51.586235,factory/line1/pressure,pmp_001_pressure_sensor,PMP-001-PRS,pressure,5.47,kPa,RUNNING,False Data Injection Attack,1,simulator,709
387,2026-10-02T22:39:51.586257,factory/line1/flow,pmp_001_flow_sensor,PMP-001-FLW,flow,40.17,L/min,RUNNING,False Data Injection Attack,1,simulator,710
388,2026-10-02T22:39:51.586261,factory/line1/current,pmp_001_current_sensor,PMP-001-CUR,current,5.81,A,RUNNING,False Data Injection Attack,1,simulator,711
389,2026-10-02T22:39:51.586266,factory/line1/level,tnk_001_level_sensor,TNK-001-LVL,level,50.03,%,RUNNING,False Data Injection Attack,1,simulator,712
390,2026-10-02T22:39:51.586270,factory/line1/temperature,tnk_001_temperature_sensor,TNK-001-TMP,temperature,25.56,Â°C,RUNNING,False Data Injection Attack,1,simulator,713
391,2026-10-02T22:39:51.586274,factory/line1/pressure,tnk_001_pressure_sensor,TNK-001-PRS,pressure,101.56,kPa,RUNNING,False Data Injection Attack,1,simulator,714
392,2026-10-02T22:39:51.586278,factory/line1/humidity,tnk_001_humidity_sensor,TNK-001-HUM,humidity,56.39,%,RUNNING,False Data Injection Attack,1,simulator,715
393,2026-10-02T22:39:51.586298,factory/line1/current,cnv_001_current_sensor,CNV-001-CUR,current,3.18,A,RUNNING,False Data Injection Attack,1,simulator,716
394,2026-10-02T22:39:51.586282,factory/line1/rpm,cnv_001_rpm_sensor,CNV-001-RPM,rpm,570.27,RPM,RUNNING,False Data Injection Attack,1,simulator,717
395,2026-10-02T22:39:51.586323,factory/line1/temperature,cmp_001_temperature_sensor,CMP-001-TMP,temperature,25.27,Â°C,RUNNING,False Data Injection Attack,1,simulator,718
396,2026-10-02T22:39:51.586327,factory/line1/pressure,cmp_001_pressure_sensor,CMP-001-PRS,pressure,112.81,kPa,RUNNING,False Data Injection Attack,1,simulator,719
397,2026-10-02T22:39:51.586307,factory/line1/pressure,vlv_001_pressure_sensor,VLV-001-PRS,pressure,2.74,kPa,RUNNING,False Data Injection Attack,1,simulator,720
398,2026-10-02T22:39:51.586303,factory/line1/proximity,cnv_001_proximity_sensor,CNV-001-PRX,proximity,121.87,mm,RUNNING,False Data Injection Attack,1,simulator,721
399,2026-10-02T22:39:51.586331,factory/line1/current,cmp_001_current_sensor,CMP-001-CUR,current,6.18,A,RUNNING,False Data Injection Attack,1,simulator,722
400,2026-10-02T22:39:51.642686,factory/line1/temperature,mtr_001_temperature_sensor,MTR-001-TMP,temperature,26.74,Â°C,RUNNING,,0,simulator,723
401,2026-10-02T22:39:51.642706,factory/line1/current,mtr_001_current_sensor,MTR-001-CUR,current,5.8,A,RUNNING,,0,simulator,724
402,2026-10-02T22:39:51.642712,factory/line1/rpm,mtr_001_rpm_sensor,MTR-001-RPM,rpm,725.0,RPM,RUNNING,,0,simulator,725
403,2026-10-02T22:39:51.642767,factory/line1/vibration,mtr_001_vibration_sensor,MTR-001-VIB,vibration,0.1,g,RUNNING,,0,simulator,726
404,2026-10-02T22:39:51.642776,factory/line1/voltage,mtr_001_voltage_sensor,MTR-001-VLT,voltage,237.44,V,RUNNING,,0,simulator,727
405,2026-10-02T22:39:51.642781,factory/line1/pressure,pmp_001_pressure_sensor,PMP-001-PRS,pressure,4.92,kPa,RUNNING,,0,simulator,728
406,2026-10-02T22:39:51.642803,factory/line1/flow,pmp_001_flow_sensor,PMP-001-FLW,flow,40.0,L/min,RUNNING,,0,simulator,729
407,2026-10-02T22:39:51.642813,factory/line1/level,tnk_001_level_sensor,TNK-001-LVL,level,50.02,%,RUNNING,,0,simulator,730
408,2026-10-02T22:39:51.642808,factory/line1/current,pmp_001_current_sensor,PMP-001-CUR,current,5.8,A,RUNNING,,0,simulator,731
409,2026-10-02T22:39:51.642817,factory/line1/temperature,tnk_001_temperature_sensor,TNK-001-TMP,temperature,25.58,Â°C,RUNNING,,0,simulator,732
410,2026-10-02T22:39:51.642821,factory/line1/pressure,tnk_001_pressure_sensor,TNK-001-PRS,pressure,101.3,kPa,RUNNING,,0,simulator,733
411,2026-10-02T22:39:51.642854,factory/line1/proximity,cnv_001_proximity_sensor,CNV-001-PRX,proximity,6.77,mm,RUNNING,,0,simulator,734
412,2026-10-02T22:39:51.642826,factory/line1/humidity,tnk_001_humidity_sensor,TNK-001-HUM,humidity,54.19,%,RUNNING,,0,simulator,735
413,2026-10-02T22:39:51.642830,factory/line1/rpm,cnv_001_rpm_sensor,CNV-001-RPM,rpm,580.0,RPM,RUNNING,,0,simulator,736
414,2026-10-02T22:39:51.642849,factory/line1/current,cnv_001_current_sensor,CNV-001-CUR,current,2.9,A,RUNNING,,0,simulator,737
415,2026-10-02T22:39:51.642898,factory/line1/pressure,cmp_001_pressure_sensor,CMP-001-PRS,pressure,112.9,kPa,RUNNING,,0,simulator,738
416,2026-10-02T22:39:51.642902,factory/line1/current,cmp_001_current_sensor,CMP-001-CUR,current,5.8,A,RUNNING,,0,simulator,739
417,2026-10-02T22:39:51.642871,factory/line1/pressure,vlv_001_pressure_sensor,VLV-001-PRS,pressure,2.32,kPa,RUNNING,,0,simulator,740
418,2026-10-02T22:39:51.642887,factory/line1/temperature,cmp_001_temperature_sensor,CMP-001-TMP,temperature,25.0,Â°C,RUNNING,,0,simulator,741
419,2026-10-02T22:39:51.700703,factory/line1/temperature,mtr_001_temperature_sensor,MTR-001-TMP,temperature,26.83,Â°C,RUNNING,Sensor Drift Attack,1,simulator,742
420,2026-10-02T22:39:51.700719,factory/line1/current,mtr_001_current_sensor,MTR-001-CUR,current,5.96,A,RUNNING,Sensor Drift Attack,1,simulator,743
421,2026-10-02T22:39:51.700724,factory/line1/rpm,mtr_001_rpm_sensor,MTR-001-RPM,rpm,737.56,RPM,RUNNING,Sensor Drift Attack,1,simulator,744
422,2026-10-02T22:39:51.700765,factory/line1/voltage,mtr_001_voltage_sensor,MTR-001-VLT,voltage,227.04,V,RUNNING,Sensor Drift Attack,1,simulator,745
423,2026-10-02T22:39:51.700759,factory/line1/vibration,mtr_001_vibration_sensor,MTR-001-VIB,vibration,0.16,g,RUNNING,Sensor Drift Attack,1,simulator,746
424,2026-10-02T22:39:51.700787,factory/line1/flow,pmp_001_flow_sensor,PMP-001-FLW,flow,40.06,L/min,RUNNING,Sensor Drift Attack,1,simulator,747
425,2026-10-02T22:39:51.700791,factory/line1/current,pmp_001_current_sensor,PMP-001-CUR,current,5.96,A,RUNNING,Sensor Drift Attack,1,simulator,748
426,2026-10-02T22:39:51.700798,factory/line1/temperature,tnk_001_temperature_sensor,TNK-001-TMP,temperature,25.65,Â°C,RUNNING,Sensor Drift Attack,1,simulator,749
427,2026-10-02T22:39:51.700769,factory/line1/pressure,pmp_001_pressure_sensor,PMP-001-PRS,pressure,4.98,kPa,RUNNING,Sensor Drift Attack,1,simulator,750
428,2026-10-02T22:39:51.700794,factory/line1/level,tnk_001_level_sensor,TNK-001-LVL,level,50.08,%,RUNNING,Sensor Drift Attack,1,simulator,751
429,2026-10-02T22:39:51.700801,factory/line1/pressure,tnk_001_pressure_sensor,TNK-001-PRS,pressure,101.36,kPa,RUNNING,Sensor Drift Attack,1,simulator,752
430,2026-10-02T22:39:51.700805,factory/line1/humidity,tnk_001_humidity_sensor,TNK-001-HUM,humidity,68.0,%,RUNNING,Sensor Drift Attack,1,simulator,753
431,2026-10-02T22:39:51.700809,factory/line1/rpm,cnv_001_rpm_sensor,CNV-001-RPM,rpm,590.06,RPM,RUNNING,Sensor Drift Attack,1,simulator,754
432,2026-10-02T22:39:51.700823,factory/line1/current,cnv_001_current_sensor,CNV-001-CUR,current,3.01,A,RUNNING,Sensor Drift Attack,1,simulator,755
433,2026-10-02T22:39:51.700827,factory/line1/proximity,cnv_001_proximity_sensor,CNV-001-PRX,proximity,461.04,mm,RUNNING,Sensor Drift Attack,1,simulator,756
434,2026-10-02T22:39:51.700844,factory/line1/temperature,cmp_001_temperature_sensor,CMP-001-TMP,temperature,25.06,Â°C,RUNNING,Sensor Drift Attack,1,simulator,757
435,2026-10-02T22:39:51.700830,factory/line1/pressure,vlv_001_pressure_sensor,VLV-001-PRS,pressure,2.48,kPa,RUNNING,Sensor Drift Attack,1,simulator,758
436,2026-10-02T22:39:51.700848,factory/line1/pressure,cmp_001_pressure_sensor,CMP-001-PRS,pressure,113.16,kPa,RUNNING,Sensor Drift Attack,1,simulator,759
437,2026-10-02T22:39:51.700851,factory/line1/current,cmp_001_current_sensor,CMP-001-CUR,current,5.96,A,RUNNING,Sensor Drift Attack,1,simulator,760
438,2026-10-02T22:39:51.755577,factory/line1/temperature,mtr_001_temperature_sensor,MTR-001-TMP,temperature,26.9,Â°C,RUNNING,Sensor Drift Attack,1,simulator,761
439,2026-10-02T22:39:51.755608,factory/line1/rpm,mtr_001_rpm_sensor,MTR-001-RPM,rpm,750.1,RPM,RUNNING,Sensor Drift Attack,1,simulator,762
440,2026-10-02T22:39:51.755601,factory/line1/current,mtr_001_current_sensor,MTR-001-CUR,current,6.1,A,RUNNING,Sensor Drift Attack,1,simulator,763
441,2026-10-02T22:39:51.755662,factory/line1/pressure,pmp_001_pressure_sensor,PMP-001-PRS,pressure,5.02,kPa,RUNNING,Sensor Drift Attack,1,simulator,764
442,2026-10-02T22:39:51.755658,factory/line1/voltage,mtr_001_voltage_sensor,MTR-001-VLT,voltage,222.31,V,RUNNING,Sensor Drift Attack,1,simulator,765
443,2026-10-02T22:39:51.755685,factory/line1/current,pmp_001_current_sensor,PMP-001-CUR,current,6.1,A,RUNNING,Sensor Drift Attack,1,simulator,766
444,2026-10-02T22:39:51.755651,factory/line1/vibration,mtr_001_vibration_sensor,MTR-001-VIB,vibration,0.2,g,RUNNING,Sensor Drift Attack,1,simulator,767
445,2026-10-02T22:39:51.755681,factory/line1/flow,pmp_001_flow_sensor,PMP-001-FLW,flow,40.1,L/min,RUNNING,Sensor Drift Attack,1,simulator,768
446,2026-10-02T22:39:51.755690,factory/line1/level,tnk_001_level_sensor,TNK-001-LVL,level,50.12,%,RUNNING,Sensor Drift Attack,1,simulator,769
447,2026-10-02T22:39:51.755698,factory/line1/pressure,tnk_001_pressure_sensor,TNK-001-PRS,pressure,101.4,kPa,RUNNING,Sensor Drift Attack,1,simulator,770
448,2026-10-02T22:39:51.755693,factory/line1/temperature,tnk_001_temperature_sensor,TNK-001-TMP,temperature,25.7,Â°C,RUNNING,Sensor Drift Attack,1,simulator,771
449,2026-10-02T22:39:51.755702,factory/line1/humidity,tnk_001_humidity_sensor,TNK-001-HUM,humidity,53.88,%,RUNNING,Sensor Drift Attack,1,simulator,772
450,2026-10-02T22:39:51.755706,factory/line1/rpm,cnv_001_rpm_sensor,CNV-001-RPM,rpm,600.1,RPM,RUNNING,Sensor Drift Attack,1,simulator,773
451,2026-10-02T22:39:51.755730,factory/line1/pressure,vlv_001_pressure_sensor,VLV-001-PRS,pressure,2.62,kPa,RUNNING,Sensor Drift Attack,1,simulator,774
452,2026-10-02T22:39:51.755744,factory/line1/temperature,cmp_001_temperature_sensor,CMP-001-TMP,temperature,25.1,Â°C,RUNNING,Sensor Drift Attack,1,simulator,775
453,2026-10-02T22:39:51.755723,factory/line1/current,cnv_001_current_sensor,CNV-001-CUR,current,3.1,A,RUNNING,Sensor Drift Attack,1,simulator,776
454,2026-10-02T22:39:51.755727,factory/line1/proximity,cnv_001_proximity_sensor,CNV-001-PRX,proximity,340.73,mm,RUNNING,Sensor Drift Attack,1,simulator,777
455,2026-10-02T22:39:51.755748,factory/line1/pressure,cmp_001_pressure_sensor,CMP-001-PRS,pressure,113.4,kPa,RUNNING,Sensor Drift Attack,1,simulator,778
456,2026-10-02T22:39:51.755751,factory/line1/current,cmp_001_current_sensor,CMP-001-CUR,current,6.1,A,RUNNING,Sensor Drift Attack,1,simulator,779
457,2026-10-02T22:39:51.811110,factory/line1/temperature,mtr_001_temperature_sensor,MTR-001-TMP,temperature,26.83,Â°C,RUNNING,,0,simulator,780
458,2026-10-02T22:39:51.811132,factory/line1/current,mtr_001_current_sensor,MTR-001-CUR,current,6.1,A,RUNNING,,0,simulator,781
459,2026-10-02T22:39:51.811137,factory/line1/rpm,mtr_001_rpm_sensor,MTR-001-RPM,rpm,762.5,RPM,RUNNING,,0,simulator,782
460,2026-10-02T22:39:51.811187,factory/line1/vibration,mtr_001_vibration_sensor,MTR-001-VIB,vibration,0.1,g,RUNNING,,0,simulator,783
461,2026-10-02T22:39:51.811222,factory/line1/current,pmp_001_current_sensor,PMP-001-CUR,current,6.0,A,RUNNING,,0,simulator,784
462,2026-10-02T22:39:51.811218,factory/line1/flow,pmp_001_flow_sensor,PMP-001-FLW,flow,40.0,L/min,RUNNING,,0,simulator,785
463,2026-10-02T22:39:51.811198,factory/line1/pressure,pmp_001_pressure_sensor,PMP-001-PRS,pressure,4.92,kPa,RUNNING,,0,simulator,786
464,2026-10-02T22:39:51.811194,factory/line1/voltage,mtr_001_voltage_sensor,MTR-001-VLT,voltage,223.94,V,RUNNING,,0,simulator,787
465,2026-10-02T22:39:51.811227,factory/line1/level,tnk_001_level_sensor,TNK-001-LVL,level,50.02,%,RUNNING,,0,simulator,788
466,2026-10-02T22:39:51.811230,factory/line1/temperature,tnk_001_temperature_sensor,TNK-001-TMP,temperature,25.61,Â°C,RUNNING,,0,simulator,789
467,2026-10-02T22:39:51.811234,factory/line1/pressure,tnk_001_pressure_sensor,TNK-001-PRS,pressure,101.3,kPa,RUNNING,,0,simulator,790
468,2026-10-02T22:39:51.811242,factory/line1/rpm,cnv_001_rpm_sensor,CNV-001-RPM,rpm,610.0,RPM,RUNNING,,0,simulator,791
469,2026-10-02T22:39:51.811238,factory/line1/humidity,tnk_001_humidity_sensor,TNK-001-HUM,humidity,65.7,%,RUNNING,,0,simulator,792
470,2026-10-02T22:39:51.811263,factory/line1/proximity,cnv_001_proximity_sensor,CNV-001-PRX,proximity,321.34,mm,RUNNING,,0,simulator,793
471,2026-10-02T22:39:51.811283,factory/line1/temperature,cmp_001_temperature_sensor,CMP-001-TMP,temperature,25.0,Â°C,RUNNING,,0,simulator,794
472,2026-10-02T22:39:51.811259,factory/line1/current,cnv_001_current_sensor,CNV-001-CUR,current,3.05,A,RUNNING,,0,simulator,795
473,2026-10-02T22:39:51.811266,factory/line1/pressure,vlv_001_pressure_sensor,VLV-001-PRS,pressure,2.62,kPa,RUNNING,,0,simulator,796
474,2026-10-02T22:39:51.811286,factory/line1/pressure,cmp_001_pressure_sensor,CMP-001-PRS,pressure,113.5,kPa,RUNNING,,0,simulator,797
475,2026-10-02T22:39:51.811290,factory/line1/current,cmp_001_current_sensor,CMP-001-CUR,current,6.1,A,RUNNING,,0,simulator,798
476,2026-10-02T22:39:51.866930,factory/line1/temperature,mtr_001_temperature_sensor,MTR-001-TMP,temperature,26.83,Â°C,RUNNING,Sensor Freeze Attack,1,simulator,799
477,2026-10-02T22:39:51.866949,factory/line1/current,mtr_001_current_sensor,MTR-001-CUR,current,6.1,A,RUNNING,Sensor Freeze Attack,1,simulator,800
478,2026-10-02T22:39:51.866953,factory/line1/rpm,mtr_001_rpm_sensor,MTR-001-RPM,rpm,762.5,RPM,RUNNING,Sensor Freeze Attack,1,simulator,801
479,2026-10-02T22:39:51.866999,factory/line1/voltage,mtr_001_voltage_sensor,MTR-001-VLT,voltage,223.94,V,RUNNING,Sensor Freeze Attack,1,simulator,802
480,2026-10-02T22:39:51.866994,factory/line1/vibration,mtr_001_vibration_sensor,MTR-001-VIB,vibration,0.1,g,RUNNING,Sensor Freeze Attack,1,simulator,803
481,2026-10-02T22:39:51.867014,factory/line1/flow,pmp_001_flow_sensor,PMP-001-FLW,flow,40.0,L/min,RUNNING,Sensor Freeze Attack,1,simulator,804
482,2026-10-02T22:39:51.867001,factory/line1/pressure,pmp_001_pressure_sensor,PMP-001-PRS,pressure,4.92,kPa,RUNNING,Sensor Freeze Attack,1,simulator,805
483,2026-10-02T22:39:51.867016,factory/line1/current,pmp_001_current_sensor,PMP-001-CUR,current,6.0,A,RUNNING,Sensor Freeze Attack,1,simulator,806
484,2026-10-02T22:39:51.867019,factory/line1/level,tnk_001_level_sensor,TNK-001-LVL,level,50.02,%,RUNNING,Sensor Freeze Attack,1,simulator,807
485,2026-10-02T22:39:51.867021,factory/line1/temperature,tnk_001_temperature_sensor,TNK-001-TMP,temperature,25.61,Â°C,RUNNING,Sensor Freeze Attack,1,simulator,808
486,2026-10-02T22:39:51.867026,factory/line1/humidity,tnk_001_humidity_sensor,TNK-001-HUM,humidity,65.7,%,RUNNING,Sensor Freeze Attack,1,simulator,809
487,2026-10-02T22:39:51.867023,factory/line1/pressure,tnk_001_pressure_sensor,TNK-001-PRS,pressure,101.3,kPa,RUNNING,Sensor Freeze Attack,1,simulator,810
488,2026-10-02T22:39:51.867028,factory/line1/rpm,cnv_001_rpm_sensor,CNV-001-RPM,rpm,610.0,RPM,RUNNING,Sensor Freeze Attack,1,simulator,811
489,2026-10-02T22:39:51.867037,factory/line1/current,cnv_001_current_sensor,CNV-001-CUR,current,3.05,A,RUNNING,Sensor Freeze Attack,1,simulator,812
490,2026-10-02T22:39:51.867042,factory/line1/pressure,vlv_001_pressure_sensor,VLV-001-PRS,pressure,2.62,kPa,RUNNING,Sensor Freeze Attack,1,simulator,813
491,2026-10-02T22:39:51.867040,factory/line1/proximity,cnv_001_proximity_sensor,CNV-001-PRX,proximity,321.34,mm,RUNNING,Sensor Freeze Attack,1,simulator,814
492,2026-10-02T22:39:51.867053,factory/line1/pressure,cmp_001_pressure_sensor,CMP-001-PRS,pressure,113.5,kPa,RUNNING,Sensor Freeze Attack,1,simulator,815
493,2026-10-02T22:39:51.867055,factory/line1/current,cmp_001_current_sensor,CMP-001-CUR,current,6.1,A,RUNNING,Sensor Freeze Attack,1,simulator,816
494,2026-10-02T22:39:51.867051,factory/line1/temperature,cmp_001_temperature_sensor,CMP-001-TMP,temperature,25.0,Â°C,RUNNING,Sensor Freeze Attack,1,simulator,817
495,2026-10-02T22:39:51.923296,factory/line1/current,mtr_001_current_sensor,MTR-001-CUR,current,6.1,A,RUNNING,Sensor Freeze Attack,1,simulator,818
496,2026-10-02T22:39:51.923338,factory/line1/vibration,mtr_001_vibration_sensor,MTR-001-VIB,vibration,0.1,g,RUNNING,Sensor Freeze Attack,1,simulator,819
497,2026-10-02T22:39:51.923300,factory/line1/rpm,mtr_001_rpm_sensor,MTR-001-RPM,rpm,762.5,RPM,RUNNING,Sensor Freeze Attack,1,simulator,820
498,2026-10-02T22:39:51.923277,factory/line1/temperature,mtr_001_temperature_sensor,MTR-001-TMP,temperature,26.83,Â°C,RUNNING,Sensor Freeze Attack,1,simulator,821
499,2026-10-02T22:39:51.923343,factory/line1/voltage,mtr_001_voltage_sensor,MTR-001-VLT,voltage,223.94,V,RUNNING,Sensor Freeze Attack,1,simulator,822
500,2026-10-02T22:39:51.923366,factory/line1/flow,pmp_001_flow_sensor,PMP-001-FLW,flow,40.0,L/min,RUNNING,Sensor Freeze Attack,1,simulator,823
501,2026-10-02T22:39:51.923347,factory/line1/pressure,pmp_001_pressure_sensor,PMP-001-PRS,pressure,4.92,kPa,RUNNING,Sensor Freeze Attack,1,simulator,824
502,2026-10-02T22:39:51.923369,factory/line1/current,pmp_001_current_sensor,PMP-001-CUR,current,6.0,A,RUNNING,Sensor Freeze Attack,1,simulator,825
503,2026-10-02T22:39:51.923372,factory/line1/level,tnk_001_level_sensor,TNK-001-LVL,level,50.02,%,RUNNING,Sensor Freeze Attack,1,simulator,826
504,2026-10-02T22:39:51.923375,factory/line1/temperature,tnk_001_temperature_sensor,TNK-001-TMP,temperature,25.61,Â°C,RUNNING,Sensor Freeze Attack,1,simulator,827
505,2026-10-02T22:39:51.923378,factory/line1/pressure,tnk_001_pressure_sensor,TNK-001-PRS,pressure,101.3,kPa,RUNNING,Sensor Freeze Attack,1,simulator,828
506,2026-10-02T22:39:51.923381,factory/line1/humidity,tnk_001_humidity_sensor,TNK-001-HUM,humidity,65.7,%,RUNNING,Sensor Freeze Attack,1,simulator,829
507,2026-10-02T22:39:51.923395,factory/line1/current,cnv_001_current_sensor,CNV-001-CUR,current,3.05,A,RUNNING,Sensor Freeze Attack,1,simulator,830
508,2026-10-02T22:39:51.923383,factory/line1/rpm,cnv_001_rpm_sensor,CNV-001-RPM,rpm,610.0,RPM,RUNNING,Sensor Freeze Attack,1,simulator,831
509,2026-10-02T22:39:51.923398,factory/line1/proximity,cnv_001_proximity_sensor,CNV-001-PRX,proximity,321.34,mm,RUNNING,Sensor Freeze Attack,1,simulator,832
510,2026-10-02T22:39:51.923400,factory/line1/pressure,vlv_001_pressure_sensor,VLV-001-PRS,pressure,2.62,kPa,RUNNING,Sensor Freeze Attack,1,simulator,833
511,2026-10-02T22:39:51.923412,factory/line1/temperature,cmp_001_temperature_sensor,CMP-001-TMP,temperature,25.0,Â°C,RUNNING,Sensor Freeze Attack,1,simulator,834
512,2026-10-02T22:39:51.923417,factory/line1/current,cmp_001_current_sensor,CMP-001-CUR,current,6.1,A,RUNNING,Sensor Freeze Attack,1,simulator,835
513,2026-10-02T22:39:51.923414,factory/line1/pressure,cmp_001_pressure_sensor,CMP-001-PRS,pressure,113.5,kPa,RUNNING,Sensor Freeze Attack,1,simulator,836
514,2026-10-02T22:39:51.977307,factory/line1/temperature,mtr_001_temperature_sensor,MTR-001-TMP,temperature,26.92,Â°C,RUNNING,,0,simulator,837
515,2026-10-02T22:39:51.977326,factory/line1/current,mtr_001_current_sensor,MTR-001-CUR,current,6.4,A,RUNNING,,0,simulator,838
516,2026-10-02T22:39:51.977331,factory/line1/rpm,mtr_001_rpm_sensor,MTR-001-RPM,rpm,800.0,RPM,RUNNING,,0,simulator,839
517,2026-10-02T22:39:51.977374,factory/line1/vibration,mtr_001_vibration_sensor,MTR-001-VIB,vibration,0.1,g,RUNNING,,0,simulator,840
518,2026-10-02T22:39:51.977386,factory/line1/pressure,pmp_001_pressure_sensor,PMP-001-PRS,pressure,4.92,kPa,RUNNING,,0,simulator,841
519,2026-10-02T22:39:51.977404,factory/line1/flow,pmp_001_flow_sensor,PMP-001-FLW,flow,40.0,L/min,RUNNING,,0,simulator,842
520,2026-10-02T22:39:51.977408,factory/line1/current,pmp_001_current_sensor,PMP-001-CUR,current,6.0,A,RUNNING,,0,simulator,843
521,2026-10-02T22:39:51.977382,factory/line1/voltage,mtr_001_voltage_sensor,MTR-001-VLT,voltage,234.45,V,RUNNING,,0,simulator,844
522,2026-10-02T22:39:51.977447,factory/line1/proximity,cnv_001_proximity_sensor,CNV-001-PRX,proximity,35.58,mm,RUNNING,,0,simulator,845
523,2026-10-02T22:39:51.977412,factory/line1/level,tnk_001_level_sensor,TNK-001-LVL,level,50.03,%,RUNNING,,0,simulator,846
524,2026-10-02T22:39:51.977424,factory/line1/humidity,tnk_001_humidity_sensor,TNK-001-HUM,humidity,67.4,%,RUNNING,,0,simulator,847
525,2026-10-02T22:39:51.977420,factory/line1/pressure,tnk_001_pressure_sensor,TNK-001-PRS,pressure,101.3,kPa,RUNNING,,0,simulator,848
526,2026-10-02T22:39:51.977428,factory/line1/rpm,cnv_001_rpm_sensor,CNV-001-RPM,rpm,640.0,RPM,RUNNING,,0,simulator,849
527,2026-10-02T22:39:51.977467,factory/line1/pressure,cmp_001_pressure_sensor,CMP-001-PRS,pressure,114.1,kPa,RUNNING,,0,simulator,850
528,2026-10-02T22:39:51.977451,factory/line1/pressure,vlv_001_pressure_sensor,VLV-001-PRS,pressure,2.92,kPa,RUNNING,,0,simulator,851
529,2026-10-02T22:39:51.977416,factory/line1/temperature,tnk_001_temperature_sensor,TNK-001-TMP,temperature,25.64,Â°C,RUNNING,,0,simulator,852
530,2026-10-02T22:39:51.977471,factory/line1/current,cmp_001_current_sensor,CMP-001-CUR,current,6.4,A,RUNNING,,0,simulator,853
531,2026-10-02T22:39:51.977443,factory/line1/current,cnv_001_current_sensor,CNV-001-CUR,current,3.2,A,RUNNING,,0,simulator,854
532,2026-10-02T22:39:51.977464,factory/line1/temperature,cmp_001_temperature_sensor,CMP-001-TMP,temperature,25.0,Â°C,RUNNING,,0,simulator,855
533,2026-10-02T22:39:52.035410,factory/line1/rpm,mtr_001_rpm_sensor,MTR-001-RPM,rpm,812.49,RPM,RUNNING,Sensor Noise Injection Attack,1,simulator,856
534,2026-10-02T22:39:52.035452,factory/line1/vibration,mtr_001_vibration_sensor,MTR-001-VIB,vibration,0.1,g,RUNNING,Sensor Noise Injection Attack,1,simulator,857
535,2026-10-02T22:39:52.035462,factory/line1/pressure,pmp_001_pressure_sensor,PMP-001-PRS,pressure,4.92,kPa,RUNNING,Sensor Noise Injection Attack,1,simulator,858
536,2026-10-02T22:39:52.035457,factory/line1/voltage,mtr_001_voltage_sensor,MTR-001-VLT,voltage,238.42,V,RUNNING,Sensor Noise Injection Attack,1,simulator,859
537,2026-10-02T22:39:52.035380,factory/line1/temperature,mtr_001_temperature_sensor,MTR-001-TMP,temperature,26.95,Â°C,RUNNING,Sensor Noise Injection Attack,1,simulator,860
538,2026-10-02T22:39:52.035481,factory/line1/flow,pmp_001_flow_sensor,PMP-001-FLW,flow,40.0,L/min,RUNNING,Sensor Noise Injection Attack,1,simulator,861
539,2026-10-02T22:39:52.035485,factory/line1/current,pmp_001_current_sensor,PMP-001-CUR,current,6.0,A,RUNNING,Sensor Noise Injection Attack,1,simulator,862
540,2026-10-02T22:39:52.035489,factory/line1/level,tnk_001_level_sensor,TNK-001-LVL,level,50.03,%,RUNNING,Sensor Noise Injection Attack,1,simulator,863
541,2026-10-02T22:39:52.035404,factory/line1/current,mtr_001_current_sensor,MTR-001-CUR,current,6.5,A,RUNNING,Sensor Noise Injection Attack,1,simulator,864
542,2026-10-02T22:39:52.035493,factory/line1/temperature,tnk_001_temperature_sensor,TNK-001-TMP,temperature,25.65,Â°C,RUNNING,Sensor Noise Injection Attack,1,simulator,865
543,2026-10-02T22:39:52.035505,factory/line1/rpm,cnv_001_rpm_sensor,CNV-001-RPM,rpm,650.0,RPM,RUNNING,Sensor Noise Injection Attack,1,simulator,866
544,2026-10-02T22:39:52.035542,factory/line1/temperature,cmp_001_temperature_sensor,CMP-001-TMP,temperature,25.0,Â°C,RUNNING,Sensor Noise Injection Attack,1,simulator,867
545,2026-10-02T22:39:52.035501,factory/line1/humidity,tnk_001_humidity_sensor,TNK-001-HUM,humidity,57.02,%,RUNNING,Sensor Noise Injection Attack,1,simulator,868
546,2026-10-02T22:39:52.035497,factory/line1/pressure,tnk_001_pressure_sensor,TNK-001-PRS,pressure,101.3,kPa,RUNNING,Sensor Noise Injection Attack,1,simulator,869
547,2026-10-02T22:39:52.035520,factory/line1/current,cnv_001_current_sensor,CNV-001-CUR,current,3.25,A,RUNNING,Sensor Noise Injection Attack,1,simulator,870
548,2026-10-02T22:39:52.035524,factory/line1/proximity,cnv_001_proximity_sensor,CNV-001-PRX,proximity,215.08,mm,RUNNING,Sensor Noise Injection Attack,1,simulator,871
549,2026-10-02T22:39:52.035527,factory/line1/pressure,vlv_001_pressure_sensor,VLV-001-PRS,pressure,3.02,kPa,RUNNING,Sensor Noise Injection Attack,1,simulator,872
550,2026-10-02T22:39:52.035546,factory/line1/pressure,cmp_001_pressure_sensor,CMP-001-PRS,pressure,114.3,kPa,RUNNING,Sensor Noise Injection Attack,1,simulator,873
551,2026-10-02T22:39:52.035549,factory/line1/current,cmp_001_current_sensor,CMP-001-CUR,current,6.5,A,RUNNING,Sensor Noise Injection Attack,1,simulator,874
552,2026-10-02T22:39:52.089329,factory/line1/temperature,mtr_001_temperature_sensor,MTR-001-TMP,temperature,26.98,Â°C,RUNNING,Sensor Noise Injection Attack,1,simulator,875
553,2026-10-02T22:39:52.089401,factory/line1/vibration,mtr_001_vibration_sensor,MTR-001-VIB,vibration,0.1,g,RUNNING,Sensor Noise Injection Attack,1,simulator,876
554,2026-10-02T22:39:52.089361,factory/line1/rpm,mtr_001_rpm_sensor,MTR-001-RPM,rpm,824.99,RPM,RUNNING,Sensor Noise Injection Attack,1,simulator,877
555,2026-10-02T22:39:52.089352,factory/line1/current,mtr_001_current_sensor,MTR-001-CUR,current,6.6,A,RUNNING,Sensor Noise Injection Attack,1,simulator,878
556,2026-10-02T22:39:52.089411,factory/line1/pressure,pmp_001_pressure_sensor,PMP-001-PRS,pressure,4.92,kPa,RUNNING,Sensor Noise Injection Attack,1,simulator,879
557,2026-10-02T22:39:52.089430,factory/line1/flow,pmp_001_flow_sensor,PMP-001-FLW,flow,40.0,L/min,RUNNING,Sensor Noise Injection Attack,1,simulator,880
558,2026-10-02T22:39:52.089407,factory/line1/voltage,mtr_001_voltage_sensor,MTR-001-VLT,voltage,233.27,V,RUNNING,Sensor Noise Injection Attack,1,simulator,881
559,2026-10-02T22:39:52.089435,factory/line1/current,pmp_001_current_sensor,PMP-001-CUR,current,6.0,A,RUNNING,Sensor Noise Injection Attack,1,simulator,882
560,2026-10-02T22:39:52.089439,factory/line1/level,tnk_001_level_sensor,TNK-001-LVL,level,50.03,%,RUNNING,Sensor Noise Injection Attack,1,simulator,883
561,2026-10-02T22:39:52.089443,factory/line1/temperature,tnk_001_temperature_sensor,TNK-001-TMP,temperature,25.66,Â°C,RUNNING,Sensor Noise Injection Attack,1,simulator,884
562,2026-10-02T22:39:52.089447,factory/line1/pressure,tnk_001_pressure_sensor,TNK-001-PRS,pressure,101.3,kPa,RUNNING,Sensor Noise Injection Attack,1,simulator,885
563,2026-10-02T22:39:52.089451,factory/line1/humidity,tnk_001_humidity_sensor,TNK-001-HUM,humidity,55.61,%,RUNNING,Sensor Noise Injection Attack,1,simulator,886
564,2026-10-02T22:39:52.089454,factory/line1/rpm,cnv_001_rpm_sensor,CNV-001-RPM,rpm,660.0,RPM,RUNNING,Sensor Noise Injection Attack,1,simulator,887
565,2026-10-02T22:39:52.089474,factory/line1/proximity,cnv_001_proximity_sensor,CNV-001-PRX,proximity,93.26,mm,RUNNING,Sensor Noise Injection Attack,1,simulator,888
566,2026-10-02T22:39:52.089478,factory/line1/pressure,vlv_001_pressure_sensor,VLV-001-PRS,pressure,3.12,kPa,RUNNING,Sensor Noise Injection Attack,1,simulator,889
567,2026-10-02T22:39:52.089470,factory/line1/current,cnv_001_current_sensor,CNV-001-CUR,current,3.3,A,RUNNING,Sensor Noise Injection Attack,1,simulator,890
568,2026-10-02T22:39:52.089493,factory/line1/temperature,cmp_001_temperature_sensor,CMP-001-TMP,temperature,25.0,Â°C,RUNNING,Sensor Noise Injection Attack,1,simulator,891
569,2026-10-02T22:39:52.089497,factory/line1/pressure,cmp_001_pressure_sensor,CMP-001-PRS,pressure,114.5,kPa,RUNNING,Sensor Noise Injection Attack,1,simulator,892
570,2026-10-02T22:39:52.089501,factory/line1/current,cmp_001_current_sensor,CMP-001-CUR,current,6.6,A,RUNNING,Sensor Noise Injection Attack,1,simulator,893
571,2026-10-02T22:39:52.144129,factory/line1/temperature,mtr_001_temperature_sensor,MTR-001-TMP,temperature,27.01,Â°C,RUNNING,,0,simulator,894
572,2026-10-02T22:39:52.144150,factory/line1/current,mtr_001_current_sensor,MTR-001-CUR,current,6.7,A,RUNNING,,0,simulator,895
573,2026-10-02T22:39:52.144156,factory/line1/rpm,mtr_001_rpm_sensor,MTR-001-RPM,rpm,837.5,RPM,RUNNING,,0,simulator,896
574,2026-10-02T22:39:52.144229,factory/line1/voltage,mtr_001_voltage_sensor,MTR-001-VLT,voltage,234.51,V,RUNNING,,0,simulator,897
575,2026-10-02T22:39:52.144221,factory/line1/vibration,mtr_001_vibration_sensor,MTR-001-VIB,vibration,0.1,g,RUNNING,,0,simulator,898
576,2026-10-02T22:39:52.144234,factory/line1/pressure,pmp_001_pressure_sensor,PMP-001-PRS,pressure,4.92,kPa,RUNNING,,0,simulator,899
577,2026-10-02T22:39:52.144266,factory/line1/level,tnk_001_level_sensor,TNK-001-LVL,level,50.03,%,RUNNING,,0,simulator,900
578,2026-10-02T22:39:52.144261,factory/line1/current,pmp_001_current_sensor,PMP-001-CUR,current,6.0,A,RUNNING,,0,simulator,901
579,2026-10-02T22:39:52.144257,factory/line1/flow,pmp_001_flow_sensor,PMP-001-FLW,flow,40.0,L/min,RUNNING,,0,simulator,902
580,2026-10-02T22:39:52.144270,factory/line1/temperature,tnk_001_temperature_sensor,TNK-001-TMP,temperature,25.67,Â°C,RUNNING,,0,simulator,903
581,2026-10-02T22:39:52.144275,factory/line1/pressure,tnk_001_pressure_sensor,TNK-001-PRS,pressure,101.3,kPa,RUNNING,,0,simulator,904
582,2026-10-02T22:39:52.144284,factory/line1/rpm,cnv_001_rpm_sensor,CNV-001-RPM,rpm,670.0,RPM,RUNNING,,0,simulator,905
583,2026-10-02T22:39:52.144280,factory/line1/humidity,tnk_001_humidity_sensor,TNK-001-HUM,humidity,64.8,%,RUNNING,,0,simulator,906
584,2026-10-02T22:39:52.144308,factory/line1/proximity,cnv_001_proximity_sensor,CNV-001-PRX,proximity,386.02,mm,RUNNING,,0,simulator,907
585,2026-10-02T22:39:52.144303,factory/line1/current,cnv_001_current_sensor,CNV-001-CUR,current,3.35,A,RUNNING,,0,simulator,908
586,2026-10-02T22:39:52.144336,factory/line1/current,cmp_001_current_sensor,CMP-001-CUR,current,6.7,A,RUNNING,,0,simulator,909
587,2026-10-02T22:39:52.144332,factory/line1/pressure,cmp_001_pressure_sensor,CMP-001-PRS,pressure,114.7,kPa,RUNNING,,0,simulator,910
588,2026-10-02T22:39:52.144328,factory/line1/temperature,cmp_001_temperature_sensor,CMP-001-TMP,temperature,25.0,Â°C,RUNNING,,0,simulator,911
589,2026-10-02T22:39:52.144312,factory/line1/pressure,vlv_001_pressure_sensor,VLV-001-PRS,pressure,3.22,kPa,RUNNING,,0,simulator,912
590,2026-10-02T22:39:52.202214,factory/line1/temperature,mtr_001_temperature_sensor,MTR-001-TMP,temperature,27.04,Â°C,RUNNING,,0,simulator,913
591,2026-10-02T22:39:52.202239,factory/line1/current,mtr_001_current_sensor,MTR-001-CUR,current,6.8,A,RUNNING,,0,simulator,914
592,2026-10-02T22:39:52.202298,factory/line1/vibration,mtr_001_vibration_sensor,MTR-001-VIB,vibration,0.1,g,RUNNING,,0,simulator,915
593,2026-10-02T22:39:52.202252,factory/line1/rpm,mtr_001_rpm_sensor,MTR-001-RPM,rpm,850.0,RPM,RUNNING,,0,simulator,916
594,2026-10-02T22:39:52.202333,factory/line1/flow,pmp_001_flow_sensor,PMP-001-FLW,flow,40.0,L/min,RUNNING,,0,simulator,917
595,2026-10-02T22:39:52.202311,factory/line1/pressure,pmp_001_pressure_sensor,PMP-001-PRS,pressure,4.92,kPa,RUNNING,,0,simulator,918
596,2026-10-02T22:39:52.202337,factory/line1/current,pmp_001_current_sensor,PMP-001-CUR,current,6.0,A,RUNNING,,0,simulator,919
597,2026-10-02T22:39:52.202306,factory/line1/voltage,mtr_001_voltage_sensor,MTR-001-VLT,voltage,221.5,V,RUNNING,,0,simulator,920
598,2026-10-02T22:39:52.202342,factory/line1/level,tnk_001_level_sensor,TNK-001-LVL,level,50.04,%,RUNNING,,0,simulator,921
599,2026-10-02T22:39:52.202346,factory/line1/temperature,tnk_001_temperature_sensor,TNK-001-TMP,temperature,25.68,Â°C,RUNNING,,0,simulator,922
600,2026-10-02T22:39:52.202354,factory/line1/humidity,tnk_001_humidity_sensor,TNK-001-HUM,humidity,63.06,%,RUNNING,,0,simulator,923
601,2026-10-02T22:39:52.202358,factory/line1/rpm,cnv_001_rpm_sensor,CNV-001-RPM,rpm,680.0,RPM,RUNNING,,0,simulator,924
602,2026-10-02T22:39:52.202378,factory/line1/current,cnv_001_current_sensor,CNV-001-CUR,current,3.4,A,RUNNING,,0,simulator,925
603,2026-10-02T22:39:52.202386,factory/line1/pressure,vlv_001_pressure_sensor,VLV-001-PRS,pressure,3.32,kPa,RUNNING,,0,simulator,926
604,2026-10-02T22:39:52.202382,factory/line1/proximity,cnv_001_proximity_sensor,CNV-001-PRX,proximity,232.54,mm,RUNNING,,0,simulator,927
605,2026-10-02T22:39:52.202350,factory/line1/pressure,tnk_001_pressure_sensor,TNK-001-PRS,pressure,101.3,kPa,RUNNING,,0,simulator,928
606,2026-10-02T22:39:52.202402,factory/line1/temperature,cmp_001_temperature_sensor,CMP-001-TMP,temperature,25.0,Â°C,RUNNING,,0,simulator,929
607,2026-10-02T22:39:52.202406,factory/line1/pressure,cmp_001_pressure_sensor,CMP-001-PRS,pressure,114.9,kPa,RUNNING,,0,simulator,930
608,2026-10-02T22:39:52.202410,factory/line1/current,cmp_001_current_sensor,CMP-001-CUR,current,6.8,A,RUNNING,,0,simulator,931
609,2026-10-02T22:39:52.260125,factory/line1/temperature,mtr_001_temperature_sensor,MTR-001-TMP,temperature,27.07,Â°C,RUNNING,,0,simulator,932
610,2026-10-02T22:39:52.260158,factory/line1/current,mtr_001_current_sensor,MTR-001-CUR,current,6.9,A,RUNNING,,0,simulator,933
611,2026-10-02T22:39:52.260167,factory/line1/rpm,mtr_001_rpm_sensor,MTR-001-RPM,rpm,862.5,RPM,RUNNING,,0,simulator,934
612,2026-10-02T22:39:52.260260,factory/line1/voltage,mtr_001_voltage_sensor,MTR-001-VLT,voltage,223.65,V,RUNNING,,0,simulator,935
613,2026-10-02T22:39:52.260268,factory/line1/pressure,pmp_001_pressure_sensor,PMP-001-PRS,pressure,4.92,kPa,RUNNING,,0,simulator,936
614,2026-10-02T22:39:52.260297,factory/line1/flow,pmp_001_flow_sensor,PMP-001-FLW,flow,40.0,L/min,RUNNING,,0,simulator,937
615,2026-10-02T22:39:52.260304,factory/line1/current,pmp_001_current_sensor,PMP-001-CUR,current,6.0,A,RUNNING,,0,simulator,938
616,2026-10-02T22:39:52.260247,factory/line1/vibration,mtr_001_vibration_sensor,MTR-001-VIB,vibration,0.1,g,RUNNING,,0,simulator,939
617,2026-10-02T22:39:52.260324,factory/line1/pressure,tnk_001_pressure_sensor,TNK-001-PRS,pressure,101.3,kPa,RUNNING,,0,simulator,940
618,2026-10-02T22:39:52.260312,factory/line1/level,tnk_001_level_sensor,TNK-001-LVL,level,50.04,%,RUNNING,,0,simulator,941
619,2026-10-02T22:39:52.260332,factory/line1/humidity,tnk_001_humidity_sensor,TNK-001-HUM,humidity,57.3,%,RUNNING,,0,simulator,942
620,2026-10-02T22:39:52.260319,factory/line1/temperature,tnk_001_temperature_sensor,TNK-001-TMP,temperature,25.69,Â°C,RUNNING,,0,simulator,943
621,2026-10-02T22:39:52.260339,factory/line1/rpm,cnv_001_rpm_sensor,CNV-001-RPM,rpm,690.0,RPM,RUNNING,,0,simulator,944
622,2026-10-02T22:39:52.260376,factory/line1/pressure,vlv_001_pressure_sensor,VLV-001-PRS,pressure,3.42,kPa,RUNNING,,0,simulator,945
623,2026-10-02T22:39:52.260362,factory/line1/current,cnv_001_current_sensor,CNV-001-CUR,current,3.45,A,RUNNING,,0,simulator,946
624,2026-10-02T22:39:52.260370,factory/line1/proximity,cnv_001_proximity_sensor,CNV-001-PRX,proximity,450.15,mm,RUNNING,,0,simulator,947
625,2026-10-02T22:39:52.260398,factory/line1/temperature,cmp_001_temperature_sensor,CMP-001-TMP,temperature,25.0,Â°C,RUNNING,,0,simulator,948
626,2026-10-02T22:39:52.260404,factory/line1/pressure,cmp_001_pressure_sensor,CMP-001-PRS,pressure,115.1,kPa,RUNNING,,0,simulator,949
627,2026-10-02T22:39:52.260412,factory/line1/current,cmp_001_current_sensor,CMP-001-CUR,current,6.9,A,RUNNING,,0,simulator,950
628,2026-10-02T22:39:52.316982,factory/line1/temperature,mtr_001_temperature_sensor,MTR-001-TMP,temperature,27.1,Â°C,RUNNING,,0,simulator,951
629,2026-10-02T22:39:52.317009,factory/line1/rpm,mtr_001_rpm_sensor,MTR-001-RPM,rpm,875.0,RPM,RUNNING,,0,simulator,952
630,2026-10-02T22:39:52.317003,factory/line1/current,mtr_001_current_sensor,MTR-001-CUR,current,7.0,A,RUNNING,,0,simulator,953
631,2026-10-02T22:39:52.317074,factory/line1/vibration,mtr_001_vibration_sensor,MTR-001-VIB,vibration,0.1,g,RUNNING,,0,simulator,954
632,2026-10-02T22:39:52.317082,factory/line1/voltage,mtr_001_voltage_sensor,MTR-001-VLT,voltage,224.37,V,RUNNING,,0,simulator,955
633,2026-10-02T22:39:52.317088,factory/line1/pressure,pmp_001_pressure_sensor,PMP-001-PRS,pressure,4.92,kPa,RUNNING,,0,simulator,956
634,2026-10-02T22:39:52.317114,factory/line1/flow,pmp_001_flow_sensor,PMP-001-FLW,flow,40.0,L/min,RUNNING,,0,simulator,957
635,2026-10-02T22:39:52.317120,factory/line1/current,pmp_001_current_sensor,PMP-001-CUR,current,6.0,A,RUNNING,,0,simulator,958
636,2026-10-02T22:39:52.317131,factory/line1/temperature,tnk_001_temperature_sensor,TNK-001-TMP,temperature,25.7,Â°C,RUNNING,,0,simulator,959
637,2026-10-02T22:39:52.317125,factory/line1/level,tnk_001_level_sensor,TNK-001-LVL,level,50.04,%,RUNNING,,0,simulator,960
638,2026-10-02T22:39:52.317142,factory/line1/humidity,tnk_001_humidity_sensor,TNK-001-HUM,humidity,42.81,%,RUNNING,,0,simulator,961
639,2026-10-02T22:39:52.317184,factory/line1/current,cnv_001_current_sensor,CNV-001-CUR,current,3.5,A,RUNNING,,0,simulator,962
640,2026-10-02T22:39:52.317137,factory/line1/pressure,tnk_001_pressure_sensor,TNK-001-PRS,pressure,101.3,kPa,RUNNING,,0,simulator,963
641,2026-10-02T22:39:52.317147,factory/line1/rpm,cnv_001_rpm_sensor,CNV-001-RPM,rpm,700.0,RPM,RUNNING,,0,simulator,964
642,2026-10-02T22:39:52.317190,factory/line1/proximity,cnv_001_proximity_sensor,CNV-001-PRX,proximity,452.93,mm,RUNNING,,0,simulator,965
643,2026-10-02T22:39:52.317194,factory/line1/pressure,vlv_001_pressure_sensor,VLV-001-PRS,pressure,3.52,kPa,RUNNING,,0,simulator,966
644,2026-10-02T22:39:52.317226,factory/line1/pressure,cmp_001_pressure_sensor,CMP-001-PRS,pressure,115.3,kPa,RUNNING,,0,simulator,967
645,2026-10-02T22:39:52.317221,factory/line1/temperature,cmp_001_temperature_sensor,CMP-001-TMP,temperature,25.0,Â°C,RUNNING,,0,simulator,968
646,2026-10-02T22:39:52.317230,factory/line1/current,cmp_001_current_sensor,CMP-001-CUR,current,7.0,A,RUNNING,,0,simulator,969
647,2026-10-02T22:39:52.373953,factory/line1/vibration,mtr_001_vibration_sensor,MTR-001-VIB,vibration,0.1,g,RUNNING,,0,simulator,970
648,2026-10-02T22:39:52.373910,factory/line1/rpm,mtr_001_rpm_sensor,MTR-001-RPM,rpm,887.5,RPM,RUNNING,,0,simulator,971
649,2026-10-02T22:39:52.373904,factory/line1/current,mtr_001_current_sensor,MTR-001-CUR,current,7.1,A,RUNNING,,0,simulator,972
650,2026-10-02T22:39:52.373884,factory/line1/temperature,mtr_001_temperature_sensor,MTR-001-TMP,temperature,27.13,Â°C,RUNNING,,0,simulator,973
651,2026-10-02T22:39:52.373960,factory/line1/voltage,mtr_001_voltage_sensor,MTR-001-VLT,voltage,222.5,V,RUNNING,,0,simulator,974
652,2026-10-02T22:39:52.373986,factory/line1/flow,pmp_001_flow_sensor,PMP-001-FLW,flow,40.0,L/min,RUNNING,,0,simulator,975
653,2026-10-02T22:39:52.373965,factory/line1/pressure,pmp_001_pressure_sensor,PMP-001-PRS,pressure,4.92,kPa,RUNNING,,0,simulator,976
654,2026-10-02T22:39:52.373991,factory/line1/current,pmp_001_current_sensor,PMP-001-CUR,current,6.0,A,RUNNING,,0,simulator,977
655,2026-10-02T22:39:52.374011,factory/line1/humidity,tnk_001_humidity_sensor,TNK-001-HUM,humidity,41.64,%,RUNNING,,0,simulator,978
656,2026-10-02T22:39:52.373996,factory/line1/level,tnk_001_level_sensor,TNK-001-LVL,level,50.04,%,RUNNING,,0,simulator,979
657,2026-10-02T22:39:52.374006,factory/line1/pressure,tnk_001_pressure_sensor,TNK-001-PRS,pressure,101.3,kPa,RUNNING,,0,simulator,980
658,2026-10-02T22:39:52.374001,factory/line1/temperature,tnk_001_temperature_sensor,TNK-001-TMP,temperature,25.71,Â°C,RUNNING,,0,simulator,981
659,2026-10-02T22:39:52.374016,factory/line1/rpm,cnv_001_rpm_sensor,CNV-001-RPM,rpm,710.0,RPM,RUNNING,,0,simulator,982
660,2026-10-02T22:39:52.374034,factory/line1/current,cnv_001_current_sensor,CNV-001-CUR,current,3.55,A,RUNNING,,0,simulator,983
661,2026-10-02T22:39:52.374043,factory/line1/pressure,vlv_001_pressure_sensor,VLV-001-PRS,pressure,3.62,kPa,RUNNING,,0,simulator,984
662,2026-10-02T22:39:52.374039,factory/line1/proximity,cnv_001_proximity_sensor,CNV-001-PRX,proximity,371.03,mm,RUNNING,,0,simulator,985
663,2026-10-02T22:39:52.374068,factory/line1/pressure,cmp_001_pressure_sensor,CMP-001-PRS,pressure,115.5,kPa,RUNNING,,0,simulator,986
664,2026-10-02T22:39:52.374064,factory/line1/temperature,cmp_001_temperature_sensor,CMP-001-TMP,temperature,25.0,Â°C,RUNNING,,0,simulator,987
665,2026-10-02T22:39:52.374073,factory/line1/current,cmp_001_current_sensor,CMP-001-CUR,current,7.1,A,RUNNING,,0,simulator,988
666,2026-10-02T22:39:52.431550,factory/line1/current,mtr_001_current_sensor,MTR-001-CUR,current,7.2,A,RUNNING,,0,simulator,989
667,2026-10-02T22:39:52.431606,factory/line1/vibration,mtr_001_vibration_sensor,MTR-001-VIB,vibration,0.1,g,RUNNING,,0,simulator,990
668,2026-10-02T22:39:52.431530,factory/line1/temperature,mtr_001_temperature_sensor,MTR-001-TMP,temperature,27.16,Â°C,RUNNING,,0,simulator,991
669,2026-10-02T22:39:52.431614,factory/line1/voltage,mtr_001_voltage_sensor,MTR-001-VLT,voltage,223.23,V,RUNNING,,0,simulator,992
670,2026-10-02T22:39:52.431619,factory/line1/pressure,pmp_001_pressure_sensor,PMP-001-PRS,pressure,4.92,kPa,RUNNING,,0,simulator,993
671,2026-10-02T22:39:52.431557,factory/line1/rpm,mtr_001_rpm_sensor,MTR-001-RPM,rpm,900.0,RPM,RUNNING,,0,simulator,994
672,2026-10-02T22:39:52.431643,factory/line1/flow,pmp_001_flow_sensor,PMP-001-FLW,flow,40.0,L/min,RUNNING,,0,simulator,995
673,2026-10-02T22:39:52.431648,factory/line1/current,pmp_001_current_sensor,PMP-001-CUR,current,6.0,A,RUNNING,,0,simulator,996
674,2026-10-02T22:39:52.431653,factory/line1/level,tnk_001_level_sensor,TNK-001-LVL,level,50.04,%,RUNNING,,0,simulator,997
675,2026-10-02T22:39:52.431663,factory/line1/pressure,tnk_001_pressure_sensor,TNK-001-PRS,pressure,101.3,kPa,RUNNING,,0,simulator,998
676,2026-10-02T22:39:52.431668,factory/line1/humidity,tnk_001_humidity_sensor,TNK-001-HUM,humidity,61.39,%,RUNNING,,0,simulator,999
677,2026-10-02T22:39:52.431658,factory/line1/temperature,tnk_001_temperature_sensor,TNK-001-TMP,temperature,25.72,Â°C,RUNNING,,0,simulator,1000
678,2026-10-02T22:39:52.431702,factory/line1/pressure,vlv_001_pressure_sensor,VLV-001-PRS,pressure,3.72,kPa,RUNNING,,0,simulator,1001
679,2026-10-02T22:39:52.431673,factory/line1/rpm,cnv_001_rpm_sensor,CNV-001-RPM,rpm,720.0,RPM,RUNNING,,0,simulator,1002
680,2026-10-02T22:39:52.431693,factory/line1/current,cnv_001_current_sensor,CNV-001-CUR,current,3.6,A,RUNNING,,0,simulator,1003
681,2026-10-02T22:39:52.431698,factory/line1/proximity,cnv_001_proximity_sensor,CNV-001-PRX,proximity,32.91,mm,RUNNING,,0,simulator,1004
682,2026-10-02T22:39:52.431726,factory/line1/pressure,cmp_001_pressure_sensor,CMP-001-PRS,pressure,115.7,kPa,RUNNING,,0,simulator,1005
683,2026-10-02T22:39:52.431730,factory/line1/current,cmp_001_current_sensor,CMP-001-CUR,current,7.2,A,RUNNING,,0,simulator,1006
684,2026-10-02T22:39:52.431721,factory/line1/temperature,cmp_001_temperature_sensor,CMP-001-TMP,temperature,25.0,Â°C,RUNNING,,0,simulator,1007
685,2026-10-02T22:39:52.489656,factory/line1/temperature,mtr_001_temperature_sensor,MTR-001-TMP,temperature,27.19,Â°C,RUNNING,,0,simulator,1008
686,2026-10-02T22:39:52.489728,factory/line1/vibration,mtr_001_vibration_sensor,MTR-001-VIB,vibration,0.1,g,RUNNING,,0,simulator,1009
687,2026-10-02T22:39:52.489674,factory/line1/current,mtr_001_current_sensor,MTR-001-CUR,current,7.3,A,RUNNING,,0,simulator,1010
688,2026-10-02T22:39:52.489679,factory/line1/rpm,mtr_001_rpm_sensor,MTR-001-RPM,rpm,900.0,RPM,RUNNING,,0,simulator,1011
689,2026-10-02T22:39:52.489758,factory/line1/flow,pmp_001_flow_sensor,PMP-001-FLW,flow,40.0,L/min,RUNNING,,0,simulator,1012
690,2026-10-02T22:39:52.489761,factory/line1/current,pmp_001_current_sensor,PMP-001-CUR,current,6.0,A,RUNNING,,0,simulator,1013
691,2026-10-02T22:39:52.489734,factory/line1/voltage,mtr_001_voltage_sensor,MTR-001-VLT,voltage,238.39,V,RUNNING,,0,simulator,1014
692,2026-10-02T22:39:52.489738,factory/line1/pressure,pmp_001_pressure_sensor,PMP-001-PRS,pressure,4.92,kPa,RUNNING,,0,simulator,1015
693,2026-10-02T22:39:52.489765,factory/line1/level,tnk_001_level_sensor,TNK-001-LVL,level,50.04,%,RUNNING,,0,simulator,1016
694,2026-10-02T22:39:52.489769,factory/line1/temperature,tnk_001_temperature_sensor,TNK-001-TMP,temperature,25.73,Â°C,RUNNING,,0,simulator,1017
695,2026-10-02T22:39:52.489773,factory/line1/pressure,tnk_001_pressure_sensor,TNK-001-PRS,pressure,101.3,kPa,RUNNING,,0,simulator,1018
696,2026-10-02T22:39:52.489777,factory/line1/humidity,tnk_001_humidity_sensor,TNK-001-HUM,humidity,52.53,%,RUNNING,,0,simulator,1019
697,2026-10-02T22:39:52.489780,factory/line1/rpm,cnv_001_rpm_sensor,CNV-001-RPM,rpm,730.0,RPM,RUNNING,,0,simulator,1020
698,2026-10-02T22:39:52.489802,factory/line1/pressure,vlv_001_pressure_sensor,VLV-001-PRS,pressure,3.82,kPa,RUNNING,,0,simulator,1021
699,2026-10-02T22:39:52.489795,factory/line1/current,cnv_001_current_sensor,CNV-001-CUR,current,3.65,A,RUNNING,,0,simulator,1022
700,2026-10-02T22:39:52.489799,factory/line1/proximity,cnv_001_proximity_sensor,CNV-001-PRX,proximity,406.72,mm,RUNNING,,0,simulator,1023
701,2026-10-02T22:39:52.489816,factory/line1/temperature,cmp_001_temperature_sensor,CMP-001-TMP,temperature,25.0,Â°C,RUNNING,,0,simulator,1024
702,2026-10-02T22:39:52.489819,factory/line1/pressure,cmp_001_pressure_sensor,CMP-001-PRS,pressure,115.9,kPa,RUNNING,,0,simulator,1025
703,2026-10-02T22:39:52.489822,factory/line1/current,cmp_001_current_sensor,CMP-001-CUR,current,7.3,A,RUNNING,,0,simulator,1026
704,2026-10-02T22:39:52.547540,factory/line1/temperature,mtr_001_temperature_sensor,MTR-001-TMP,temperature,27.22,Â°C,RUNNING,,0,simulator,1027
705,2026-10-02T22:39:52.547558,factory/line1/current,mtr_001_current_sensor,MTR-001-CUR,current,7.4,A,RUNNING,,0,simulator,1028
706,2026-10-02T22:39:52.547610,factory/line1/vibration,mtr_001_vibration_sensor,MTR-001-VIB,vibration,0.1,g,RUNNING,,0,simulator,1029
707,2026-10-02T22:39:52.547564,factory/line1/rpm,mtr_001_rpm_sensor,MTR-001-RPM,rpm,900.0,RPM,RUNNING,,0,simulator,1030
708,2026-10-02T22:39:52.547617,factory/line1/voltage,mtr_001_voltage_sensor,MTR-001-VLT,voltage,221.28,V,RUNNING,,0,simulator,1031
709,2026-10-02T22:39:52.547622,factory/line1/pressure,pmp_001_pressure_sensor,PMP-001-PRS,pressure,4.92,kPa,RUNNING,,0,simulator,1032
710,2026-10-02T22:39:52.547642,factory/line1/flow,pmp_001_flow_sensor,PMP-001-FLW,flow,40.0,L/min,RUNNING,,0,simulator,1033
711,2026-10-02T22:39:52.547646,factory/line1/current,pmp_001_current_sensor,PMP-001-CUR,current,6.0,A,RUNNING,,0,simulator,1034
712,2026-10-02T22:39:52.547655,factory/line1/temperature,tnk_001_temperature_sensor,TNK-001-TMP,temperature,25.74,Â°C,RUNNING,,0,simulator,1035
713,2026-10-02T22:39:52.547665,factory/line1/humidity,tnk_001_humidity_sensor,TNK-001-HUM,humidity,69.57,%,RUNNING,,0,simulator,1036
714,2026-10-02T22:39:52.547651,factory/line1/level,tnk_001_level_sensor,TNK-001-LVL,level,50.04,%,RUNNING,,0,simulator,1037
715,2026-10-02T22:39:52.547660,factory/line1/pressure,tnk_001_pressure_sensor,TNK-001-PRS,pressure,101.3,kPa,RUNNING,,0,simulator,1038
716,2026-10-02T22:39:52.547687,factory/line1/current,cnv_001_current_sensor,CNV-001-CUR,current,3.7,A,RUNNING,,0,simulator,1039
717,2026-10-02T22:39:52.547692,factory/line1/proximity,cnv_001_proximity_sensor,CNV-001-PRX,proximity,143.4,mm,RUNNING,,0,simulator,1040
718,2026-10-02T22:39:52.547669,factory/line1/rpm,cnv_001_rpm_sensor,CNV-001-RPM,rpm,740.0,RPM,RUNNING,,0,simulator,1041
719,2026-10-02T22:39:52.547712,factory/line1/temperature,cmp_001_temperature_sensor,CMP-001-TMP,temperature,25.0,Â°C,RUNNING,,0,simulator,1042
720,2026-10-02T22:39:52.547695,factory/line1/pressure,vlv_001_pressure_sensor,VLV-001-PRS,pressure,3.92,kPa,RUNNING,,0,simulator,1043
721,2026-10-02T22:39:52.547720,factory/line1/current,cmp_001_current_sensor,CMP-001-CUR,current,7.4,A,RUNNING,,0,simulator,1044
722,2026-10-02T22:39:52.547716,factory/line1/pressure,cmp_001_pressure_sensor,CMP-001-PRS,pressure,116.1,kPa,RUNNING,,0,simulator,1045
723,2026-10-02T22:39:52.603974,factory/line1/temperature,mtr_001_temperature_sensor,MTR-001-TMP,temperature,27.25,Â°C,RUNNING,,0,simulator,1046
724,2026-10-02T22:39:52.603988,factory/line1/current,mtr_001_current_sensor,MTR-001-CUR,current,7.5,A,RUNNING,,0,simulator,1047
725,2026-10-02T22:39:52.604033,factory/line1/vibration,mtr_001_vibration_sensor,MTR-001-VIB,vibration,0.1,g,RUNNING,,0,simulator,1048
726,2026-10-02T22:39:52.603993,factory/line1/rpm,mtr_001_rpm_sensor,MTR-001-RPM,rpm,900.0,RPM,RUNNING,,0,simulator,1049
727,2026-10-02T22:39:52.604043,factory/line1/voltage,mtr_001_voltage_sensor,MTR-001-VLT,voltage,237.75,V,RUNNING,,0,simulator,1050
728,2026-10-02T22:39:52.604071,factory/line1/flow,pmp_001_flow_sensor,PMP-001-FLW,flow,40.0,L/min,RUNNING,,0,simulator,1051
729,2026-10-02T22:39:52.604048,factory/line1/pressure,pmp_001_pressure_sensor,PMP-001-PRS,pressure,4.92,kPa,RUNNING,,0,simulator,1052
730,2026-10-02T22:39:52.604076,factory/line1/current,pmp_001_current_sensor,PMP-001-CUR,current,6.0,A,RUNNING,,0,simulator,1053
731,2026-10-02T22:39:52.604080,factory/line1/level,tnk_001_level_sensor,TNK-001-LVL,level,50.05,%,RUNNING,,0,simulator,1054
732,2026-10-02T22:39:52.604085,factory/line1/temperature,tnk_001_temperature_sensor,TNK-001-TMP,temperature,25.75,Â°C,RUNNING,,0,simulator,1055
733,2026-10-02T22:39:52.604095,factory/line1/humidity,tnk_001_humidity_sensor,TNK-001-HUM,humidity,46.85,%,RUNNING,,0,simulator,1056
734,2026-10-02T22:39:52.604089,factory/line1/pressure,tnk_001_pressure_sensor,TNK-001-PRS,pressure,101.3,kPa,RUNNING,,0,simulator,1057
735,2026-10-02T22:39:52.604099,factory/line1/rpm,cnv_001_rpm_sensor,CNV-001-RPM,rpm,750.0,RPM,RUNNING,,0,simulator,1058
736,2026-10-02T22:39:52.604119,factory/line1/current,cnv_001_current_sensor,CNV-001-CUR,current,3.75,A,RUNNING,,0,simulator,1059
737,2026-10-02T22:39:52.604123,factory/line1/proximity,cnv_001_proximity_sensor,CNV-001-PRX,proximity,326.26,mm,RUNNING,,0,simulator,1060
738,2026-10-02T22:39:52.604127,factory/line1/pressure,vlv_001_pressure_sensor,VLV-001-PRS,pressure,4.02,kPa,RUNNING,,0,simulator,1061
739,2026-10-02T22:39:52.604146,factory/line1/temperature,cmp_001_temperature_sensor,CMP-001-TMP,temperature,25.0,Â°C,RUNNING,,0,simulator,1062
740,2026-10-02T22:39:52.604154,factory/line1/current,cmp_001_current_sensor,CMP-001-CUR,current,7.5,A,RUNNING,,0,simulator,1063
741,2026-10-02T22:39:52.604150,factory/line1/pressure,cmp_001_pressure_sensor,CMP-001-PRS,pressure,116.3,kPa,RUNNING,,0,simulator,1064
742,2026-10-02T22:39:52.658396,factory/line1/temperature,mtr_001_temperature_sensor,MTR-001-TMP,temperature,27.28,Â°C,RUNNING,,0,simulator,1065
743,2026-10-02T22:39:52.658419,factory/line1/current,mtr_001_current_sensor,MTR-001-CUR,current,7.6,A,RUNNING,,0,simulator,1066
744,2026-10-02T22:39:52.658424,factory/line1/rpm,mtr_001_rpm_sensor,MTR-001-RPM,rpm,900.0,RPM,RUNNING,,0,simulator,1067
745,2026-10-02T22:39:52.658488,factory/line1/vibration,mtr_001_vibration_sensor,MTR-001-VIB,vibration,0.1,g,RUNNING,,0,simulator,1068
746,2026-10-02T22:39:52.658495,factory/line1/voltage,mtr_001_voltage_sensor,MTR-001-VLT,voltage,239.88,V,RUNNING,,0,simulator,1069
747,2026-10-02T22:39:52.658499,factory/line1/pressure,pmp_001_pressure_sensor,PMP-001-PRS,pressure,4.92,kPa,RUNNING,,0,simulator,1070
748,2026-10-02T22:39:52.658519,factory/line1/flow,pmp_001_flow_sensor,PMP-001-FLW,flow,40.0,L/min,RUNNING,,0,simulator,1071
749,2026-10-02T22:39:52.658524,factory/line1/current,pmp_001_current_sensor,PMP-001-CUR,current,6.0,A,RUNNING,,0,simulator,1072
750,2026-10-02T22:39:52.658528,factory/line1/level,tnk_001_level_sensor,TNK-001-LVL,level,50.05,%,RUNNING,,0,simulator,1073
751,2026-10-02T22:39:52.658536,factory/line1/pressure,tnk_001_pressure_sensor,TNK-001-PRS,pressure,101.3,kPa,RUNNING,,0,simulator,1074
752,2026-10-02T22:39:52.658533,factory/line1/temperature,tnk_001_temperature_sensor,TNK-001-TMP,temperature,25.76,Â°C,RUNNING,,0,simulator,1075
753,2026-10-02T22:39:52.658541,factory/line1/humidity,tnk_001_humidity_sensor,TNK-001-HUM,humidity,67.41,%,RUNNING,,0,simulator,1076
754,2026-10-02T22:39:52.658544,factory/line1/rpm,cnv_001_rpm_sensor,CNV-001-RPM,rpm,760.0,RPM,RUNNING,,0,simulator,1077
755,2026-10-02T22:39:52.658583,factory/line1/temperature,cmp_001_temperature_sensor,CMP-001-TMP,temperature,25.0,Â°C,RUNNING,,0,simulator,1078
756,2026-10-02T22:39:52.658565,factory/line1/proximity,cnv_001_proximity_sensor,CNV-001-PRX,proximity,113.03,mm,RUNNING,,0,simulator,1079
757,2026-10-02T22:39:52.658568,factory/line1/pressure,vlv_001_pressure_sensor,VLV-001-PRS,pressure,4.12,kPa,RUNNING,,0,simulator,1080
758,2026-10-02T22:39:52.658561,factory/line1/current,cnv_001_current_sensor,CNV-001-CUR,current,3.8,A,RUNNING,,0,simulator,1081
759,2026-10-02T22:39:52.658587,factory/line1/pressure,cmp_001_pressure_sensor,CMP-001-PRS,pressure,116.5,kPa,RUNNING,,0,simulator,1082
760,2026-10-02T22:39:52.658591,factory/line1/current,cmp_001_current_sensor,CMP-001-CUR,current,7.6,A,RUNNING,,0,simulator,1083
761,2026-10-02T22:39:52.716073,factory/line1/temperature,mtr_001_temperature_sensor,MTR-001-TMP,temperature,27.34,Â°C,RUNNING,Motor Overload Attack,1,simulator,1084
762,2026-10-02T22:39:52.716089,factory/line1/current,mtr_001_current_sensor,MTR-001-CUR,current,7.8,A,RUNNING,Motor Overload Attack,1,simulator,1085
763,2026-10-02T22:39:52.716094,factory/line1/rpm,mtr_001_rpm_sensor,MTR-001-RPM,rpm,902.5,RPM,RUNNING,Motor Overload Attack,1,simulator,1086
764,2026-10-02T22:39:52.716137,factory/line1/vibration,mtr_001_vibration_sensor,MTR-001-VIB,vibration,0.1,g,RUNNING,Motor Overload Attack,1,simulator,1087
765,2026-10-02T22:39:52.716144,factory/line1/voltage,mtr_001_voltage_sensor,MTR-001-VLT,voltage,229.71,V,RUNNING,Motor Overload Attack,1,simulator,1088
766,2026-10-02T22:39:52.716170,factory/line1/flow,pmp_001_flow_sensor,PMP-001-FLW,flow,40.0,L/min,RUNNING,,0,simulator,1089
767,2026-10-02T22:39:52.716174,factory/line1/current,pmp_001_current_sensor,PMP-001-CUR,current,6.0,A,RUNNING,,0,simulator,1090
768,2026-10-02T22:39:52.716149,factory/line1/pressure,pmp_001_pressure_sensor,PMP-001-PRS,pressure,4.92,kPa,RUNNING,,0,simulator,1091
769,2026-10-02T22:39:52.716179,factory/line1/level,tnk_001_level_sensor,TNK-001-LVL,level,50.05,%,RUNNING,,0,simulator,1092
770,2026-10-02T22:39:52.716184,factory/line1/temperature,tnk_001_temperature_sensor,TNK-001-TMP,temperature,25.77,Â°C,RUNNING,,0,simulator,1093
771,2026-10-02T22:39:52.716188,factory/line1/pressure,tnk_001_pressure_sensor,TNK-001-PRS,pressure,101.3,kPa,RUNNING,,0,simulator,1094
772,2026-10-02T22:39:52.716197,factory/line1/rpm,cnv_001_rpm_sensor,CNV-001-RPM,rpm,770.0,RPM,RUNNING,,0,simulator,1095
773,2026-10-02T22:39:52.716216,factory/line1/current,cnv_001_current_sensor,CNV-001-CUR,current,3.85,A,RUNNING,,0,simulator,1096
774,2026-10-02T22:39:52.716224,factory/line1/pressure,vlv_001_pressure_sensor,VLV-001-PRS,pressure,4.22,kPa,RUNNING,,0,simulator,1097
775,2026-10-02T22:39:52.716193,factory/line1/humidity,tnk_001_humidity_sensor,TNK-001-HUM,humidity,46.22,%,RUNNING,,0,simulator,1098
776,2026-10-02T22:39:52.716220,factory/line1/proximity,cnv_001_proximity_sensor,CNV-001-PRX,proximity,136.33,mm,RUNNING,,0,simulator,1099
777,2026-10-02T22:39:52.716242,factory/line1/temperature,cmp_001_temperature_sensor,CMP-001-TMP,temperature,25.0,Â°C,RUNNING,,0,simulator,1100
778,2026-10-02T22:39:52.716251,factory/line1/current,cmp_001_current_sensor,CMP-001-CUR,current,7.7,A,RUNNING,,0,simulator,1101
779,2026-10-02T22:39:52.716247,factory/line1/pressure,cmp_001_pressure_sensor,CMP-001-PRS,pressure,116.7,kPa,RUNNING,,0,simulator,1102
780,2026-10-02T22:39:52.774326,factory/line1/temperature,mtr_001_temperature_sensor,MTR-001-TMP,temperature,27.4,Â°C,RUNNING,Motor Overload Attack,1,simulator,1103
781,2026-10-02T22:39:52.774341,factory/line1/current,mtr_001_current_sensor,MTR-001-CUR,current,8.0,A,RUNNING,Motor Overload Attack,1,simulator,1104
782,2026-10-02T22:39:52.774346,factory/line1/rpm,mtr_001_rpm_sensor,MTR-001-RPM,rpm,902.5,RPM,RUNNING,Motor Overload Attack,1,simulator,1105
783,2026-10-02T22:39:52.774381,factory/line1/vibration,mtr_001_vibration_sensor,MTR-001-VIB,vibration,0.1,g,RUNNING,Motor Overload Attack,1,simulator,1106
784,2026-10-02T22:39:52.774387,factory/line1/voltage,mtr_001_voltage_sensor,MTR-001-VLT,voltage,231.09,V,RUNNING,Motor Overload Attack,1,simulator,1107
785,2026-10-02T22:39:52.774391,factory/line1/pressure,pmp_001_pressure_sensor,PMP-001-PRS,pressure,4.92,kPa,RUNNING,,0,simulator,1108
786,2026-10-02T22:39:52.774407,factory/line1/flow,pmp_001_flow_sensor,PMP-001-FLW,flow,40.0,L/min,RUNNING,,0,simulator,1109
787,2026-10-02T22:39:52.774418,factory/line1/temperature,tnk_001_temperature_sensor,TNK-001-TMP,temperature,25.78,Â°C,RUNNING,,0,simulator,1110
788,2026-10-02T22:39:52.774415,factory/line1/level,tnk_001_level_sensor,TNK-001-LVL,level,50.05,%,RUNNING,,0,simulator,1111
789,2026-10-02T22:39:52.774411,factory/line1/current,pmp_001_current_sensor,PMP-001-CUR,current,6.0,A,RUNNING,,0,simulator,1112
790,2026-10-02T22:39:52.774421,factory/line1/pressure,tnk_001_pressure_sensor,TNK-001-PRS,pressure,101.3,kPa,RUNNING,,0,simulator,1113
791,2026-10-02T22:39:52.774425,factory/line1/humidity,tnk_001_humidity_sensor,TNK-001-HUM,humidity,45.4,%,RUNNING,,0,simulator,1114
792,2026-10-02T22:39:52.774428,factory/line1/rpm,cnv_001_rpm_sensor,CNV-001-RPM,rpm,780.0,RPM,RUNNING,,0,simulator,1115
793,2026-10-02T22:39:52.774442,factory/line1/current,cnv_001_current_sensor,CNV-001-CUR,current,3.9,A,RUNNING,,0,simulator,1116
794,2026-10-02T22:39:52.774446,factory/line1/proximity,cnv_001_proximity_sensor,CNV-001-PRX,proximity,464.84,mm,RUNNING,,0,simulator,1117
795,2026-10-02T22:39:52.774449,factory/line1/pressure,vlv_001_pressure_sensor,VLV-001-PRS,pressure,4.32,kPa,RUNNING,,0,simulator,1118
796,2026-10-02T22:39:52.774467,factory/line1/pressure,cmp_001_pressure_sensor,CMP-001-PRS,pressure,116.9,kPa,RUNNING,,0,simulator,1119
797,2026-10-02T22:39:52.774471,factory/line1/current,cmp_001_current_sensor,CMP-001-CUR,current,7.8,A,RUNNING,,0,simulator,1120
798,2026-10-02T22:39:52.774464,factory/line1/temperature,cmp_001_temperature_sensor,CMP-001-TMP,temperature,25.0,Â°C,RUNNING,,0,simulator,1121
799,2026-10-02T22:39:52.831604,factory/line1/temperature,mtr_001_temperature_sensor,MTR-001-TMP,temperature,27.43,Â°C,RUNNING,,0,simulator,1122
800,2026-10-02T22:39:52.831624,factory/line1/current,mtr_001_current_sensor,MTR-001-CUR,current,8.0,A,RUNNING,,0,simulator,1123
801,2026-10-02T22:39:52.831678,factory/line1/vibration,mtr_001_vibration_sensor,MTR-001-VIB,vibration,0.1,g,RUNNING,,0,simulator,1124
802,2026-10-02T22:39:52.831629,factory/line1/rpm,mtr_001_rpm_sensor,MTR-001-RPM,rpm,900.0,RPM,RUNNING,,0,simulator,1125
803,2026-10-02T22:39:52.831685,factory/line1/voltage,mtr_001_voltage_sensor,MTR-001-VLT,voltage,221.05,V,RUNNING,,0,simulator,1126
804,2026-10-02T22:39:52.831690,factory/line1/pressure,pmp_001_pressure_sensor,PMP-001-PRS,pressure,4.92,kPa,RUNNING,,0,simulator,1127
805,2026-10-02T22:39:52.831715,factory/line1/current,pmp_001_current_sensor,PMP-001-CUR,current,6.0,A,RUNNING,,0,simulator,1128
806,2026-10-02T22:39:52.831719,factory/line1/level,tnk_001_level_sensor,TNK-001-LVL,level,50.05,%,RUNNING,,0,simulator,1129
807,2026-10-02T22:39:52.831711,factory/line1/flow,pmp_001_flow_sensor,PMP-001-FLW,flow,40.0,L/min,RUNNING,,0,simulator,1130
808,2026-10-02T22:39:52.831723,factory/line1/temperature,tnk_001_temperature_sensor,TNK-001-TMP,temperature,25.79,Â°C,RUNNING,,0,simulator,1131
809,2026-10-02T22:39:52.831731,factory/line1/humidity,tnk_001_humidity_sensor,TNK-001-HUM,humidity,57.12,%,RUNNING,,0,simulator,1132
810,2026-10-02T22:39:52.831751,factory/line1/current,cnv_001_current_sensor,CNV-001-CUR,current,3.95,A,RUNNING,,0,simulator,1133
811,2026-10-02T22:39:52.831754,factory/line1/proximity,cnv_001_proximity_sensor,CNV-001-PRX,proximity,102.5,mm,RUNNING,,0,simulator,1134
812,2026-10-02T22:39:52.831735,factory/line1/rpm,cnv_001_rpm_sensor,CNV-001-RPM,rpm,790.0,RPM,RUNNING,,0,simulator,1135
813,2026-10-02T22:39:52.831727,factory/line1/pressure,tnk_001_pressure_sensor,TNK-001-PRS,pressure,101.3,kPa,RUNNING,,0,simulator,1136
814,2026-10-02T22:39:52.831757,factory/line1/pressure,vlv_001_pressure_sensor,VLV-001-PRS,pressure,4.42,kPa,RUNNING,Valve Stuck Attack,1,simulator,1137
815,2026-10-02T22:39:52.831779,factory/line1/current,cmp_001_current_sensor,CMP-001-CUR,current,7.9,A,RUNNING,,0,simulator,1138
816,2026-10-02T22:39:52.831772,factory/line1/temperature,cmp_001_temperature_sensor,CMP-001-TMP,temperature,25.0,Â°C,RUNNING,,0,simulator,1139
817,2026-10-02T22:39:52.831775,factory/line1/pressure,cmp_001_pressure_sensor,CMP-001-PRS,pressure,117.1,kPa,RUNNING,,0,simulator,1140
818,2026-10-02T22:39:52.890067,factory/line1/temperature,mtr_001_temperature_sensor,MTR-001-TMP,temperature,27.46,Â°C,RUNNING,,0,simulator,1141
819,2026-10-02T22:39:52.890085,factory/line1/current,mtr_001_current_sensor,MTR-001-CUR,current,8.0,A,RUNNING,,0,simulator,1142
820,2026-10-02T22:39:52.890090,factory/line1/rpm,mtr_001_rpm_sensor,MTR-001-RPM,rpm,900.0,RPM,RUNNING,,0,simulator,1143
821,2026-10-02T22:39:52.890142,factory/line1/voltage,mtr_001_voltage_sensor,MTR-001-VLT,voltage,224.3,V,RUNNING,,0,simulator,1144
822,2026-10-02T22:39:52.890135,factory/line1/vibration,mtr_001_vibration_sensor,MTR-001-VIB,vibration,0.1,g,RUNNING,,0,simulator,1145
823,2026-10-02T22:39:52.890145,factory/line1/pressure,pmp_001_pressure_sensor,PMP-001-PRS,pressure,4.92,kPa,RUNNING,,0,simulator,1146
824,2026-10-02T22:39:52.890162,factory/line1/flow,pmp_001_flow_sensor,PMP-001-FLW,flow,40.0,L/min,RUNNING,,0,simulator,1147
825,2026-10-02T22:39:52.890165,factory/line1/current,pmp_001_current_sensor,PMP-001-CUR,current,6.0,A,RUNNING,,0,simulator,1148
826,2026-10-02T22:39:52.890168,factory/line1/level,tnk_001_level_sensor,TNK-001-LVL,level,50.05,%,RUNNING,,0,simulator,1149
827,2026-10-02T22:39:52.890175,factory/line1/pressure,tnk_001_pressure_sensor,TNK-001-PRS,pressure,101.3,kPa,RUNNING,,0,simulator,1150
828,2026-10-02T22:39:52.890178,factory/line1/humidity,tnk_001_humidity_sensor,TNK-001-HUM,humidity,62.88,%,RUNNING,,0,simulator,1151
829,2026-10-02T22:39:52.890172,factory/line1/temperature,tnk_001_temperature_sensor,TNK-001-TMP,temperature,25.8,Â°C,RUNNING,,0,simulator,1152
830,2026-10-02T22:39:52.890201,factory/line1/pressure,vlv_001_pressure_sensor,VLV-001-PRS,pressure,19.52,kPa,RUNNING,Valve Stuck Attack,1,simulator,1153
831,2026-10-02T22:39:52.890198,factory/line1/proximity,cnv_001_proximity_sensor,CNV-001-PRX,proximity,487.28,mm,RUNNING,,0,simulator,1154
832,2026-10-02T22:39:52.890195,factory/line1/current,cnv_001_current_sensor,CNV-001-CUR,current,4.0,A,RUNNING,,0,simulator,1155
833,2026-10-02T22:39:52.890181,factory/line1/rpm,cnv_001_rpm_sensor,CNV-001-RPM,rpm,800.0,RPM,RUNNING,,0,simulator,1156
834,2026-10-02T22:39:52.890214,factory/line1/temperature,cmp_001_temperature_sensor,CMP-001-TMP,temperature,25.0,Â°C,RUNNING,,0,simulator,1157
835,2026-10-02T22:39:52.890218,factory/line1/pressure,cmp_001_pressure_sensor,CMP-001-PRS,pressure,117.3,kPa,RUNNING,,0,simulator,1158
836,2026-10-02T22:39:52.890220,factory/line1/current,cmp_001_current_sensor,CMP-001-CUR,current,8.0,A,RUNNING,,0,simulator,1159
837,2026-10-02T22:39:52.947734,factory/line1/temperature,mtr_001_temperature_sensor,MTR-001-TMP,temperature,27.49,Â°C,RUNNING,,0,simulator,1160
838,2026-10-02T22:39:52.947757,factory/line1/current,mtr_001_current_sensor,MTR-001-CUR,current,8.0,A,RUNNING,,0,simulator,1161
839,2026-10-02T22:39:52.947762,factory/line1/rpm,mtr_001_rpm_sensor,MTR-001-RPM,rpm,900.0,RPM,RUNNING,,0,simulator,1162
840,2026-10-02T22:39:52.947819,factory/line1/vibration,mtr_001_vibration_sensor,MTR-001-VIB,vibration,0.1,g,RUNNING,,0,simulator,1163
841,2026-10-02T22:39:52.947829,factory/line1/pressure,pmp_001_pressure_sensor,PMP-001-PRS,pressure,4.92,kPa,RUNNING,,0,simulator,1164
842,2026-10-02T22:39:52.948035,factory/line1/current,pmp_001_current_sensor,PMP-001-CUR,current,6.0,A,RUNNING,,0,simulator,1165
843,2026-10-02T22:39:52.948040,factory/line1/level,tnk_001_level_sensor,TNK-001-LVL,level,50.05,%,RUNNING,,0,simulator,1166
844,2026-10-02T22:39:52.948026,factory/line1/flow,pmp_001_flow_sensor,PMP-001-FLW,flow,40.0,L/min,RUNNING,,0,simulator,1167
845,2026-10-02T22:39:52.948047,factory/line1/pressure,tnk_001_pressure_sensor,TNK-001-PRS,pressure,101.3,kPa,RUNNING,,0,simulator,1168
846,2026-10-02T22:39:52.948101,factory/line1/rpm,cnv_001_rpm_sensor,CNV-001-RPM,rpm,810.0,RPM,RUNNING,,0,simulator,1169
847,2026-10-02T22:39:52.948043,factory/line1/temperature,tnk_001_temperature_sensor,TNK-001-TMP,temperature,25.81,Â°C,RUNNING,,0,simulator,1170
848,2026-10-02T22:39:52.948051,factory/line1/humidity,tnk_001_humidity_sensor,TNK-001-HUM,humidity,62.54,%,RUNNING,,0,simulator,1171
849,2026-10-02T22:39:52.947826,factory/line1/voltage,mtr_001_voltage_sensor,MTR-001-VLT,voltage,230.91,V,RUNNING,,0,simulator,1172
850,2026-10-02T22:39:52.948213,factory/line1/current,cnv_001_current_sensor,CNV-001-CUR,current,4.05,A,RUNNING,,0,simulator,1173
851,2026-10-02T22:39:52.948217,factory/line1/proximity,cnv_001_proximity_sensor,CNV-001-PRX,proximity,47.29,mm,RUNNING,,0,simulator,1174
852,2026-10-02T22:39:52.948239,factory/line1/temperature,cmp_001_temperature_sensor,CMP-001-TMP,temperature,25.0,Â°C,RUNNING,,0,simulator,1175
853,2026-10-02T22:39:52.948241,factory/line1/pressure,cmp_001_pressure_sensor,CMP-001-PRS,pressure,117.5,kPa,RUNNING,,0,simulator,1176
854,2026-10-02T22:39:52.948244,factory/line1/current,cmp_001_current_sensor,CMP-001-CUR,current,8.0,A,RUNNING,,0,simulator,1177
855,2026-10-02T22:39:52.948220,factory/line1/pressure,vlv_001_pressure_sensor,VLV-001-PRS,pressure,34.62,kPa,RUNNING,,0,simulator,1178
856,2026-10-02T22:39:53.013386,factory/line1/temperature,mtr_001_temperature_sensor,MTR-001-TMP,temperature,27.52,Â°C,RUNNING,,0,simulator,1179
857,2026-10-02T22:39:53.013401,factory/line1/current,mtr_001_current_sensor,MTR-001-CUR,current,8.0,A,RUNNING,,0,simulator,1180
858,2026-10-02T22:39:53.013405,factory/line1/rpm,mtr_001_rpm_sensor,MTR-001-RPM,rpm,900.0,RPM,RUNNING,,0,simulator,1181
859,2026-10-02T22:39:53.013446,factory/line1/vibration,mtr_001_vibration_sensor,MTR-001-VIB,vibration,0.1,g,RUNNING,,0,simulator,1182
860,2026-10-02T22:39:53.013451,factory/line1/voltage,mtr_001_voltage_sensor,MTR-001-VLT,voltage,231.65,V,RUNNING,,0,simulator,1183
861,2026-10-02T22:39:53.013455,factory/line1/pressure,pmp_001_pressure_sensor,PMP-001-PRS,pressure,4.92,kPa,RUNNING,,0,simulator,1184
862,2026-10-02T22:39:53.013469,factory/line1/flow,pmp_001_flow_sensor,PMP-001-FLW,flow,40.0,L/min,RUNNING,,0,simulator,1185
863,2026-10-02T22:39:53.013475,factory/line1/level,tnk_001_level_sensor,TNK-001-LVL,level,50.06,%,RUNNING,,0,simulator,1186
864,2026-10-02T22:39:53.013477,factory/line1/temperature,tnk_001_temperature_sensor,TNK-001-TMP,temperature,25.82,Â°C,RUNNING,,0,simulator,1187
865,2026-10-02T22:39:53.013472,factory/line1/current,pmp_001_current_sensor,PMP-001-CUR,current,6.0,A,RUNNING,,0,simulator,1188
866,2026-10-02T22:39:53.013483,factory/line1/humidity,tnk_001_humidity_sensor,TNK-001-HUM,humidity,44.22,%,RUNNING,,0,simulator,1189
867,2026-10-02T22:39:53.013480,factory/line1/pressure,tnk_001_pressure_sensor,TNK-001-PRS,pressure,101.3,kPa,RUNNING,,0,simulator,1190
868,2026-10-02T22:39:53.013501,factory/line1/proximity,cnv_001_proximity_sensor,CNV-001-PRX,proximity,418.72,mm,RUNNING,,0,simulator,1191
869,2026-10-02T22:39:53.013486,factory/line1/rpm,cnv_001_rpm_sensor,CNV-001-RPM,rpm,820.0,RPM,RUNNING,,0,simulator,1192
870,2026-10-02T22:39:53.013498,factory/line1/current,cnv_001_current_sensor,CNV-001-CUR,current,4.1,A,RUNNING,,0,simulator,1193
871,2026-10-02T22:39:53.013503,factory/line1/pressure,vlv_001_pressure_sensor,VLV-001-PRS,pressure,34.72,kPa,RUNNING,,0,simulator,1194
872,2026-10-02T22:39:53.013516,factory/line1/temperature,cmp_001_temperature_sensor,CMP-001-TMP,temperature,25.0,Â°C,RUNNING,,0,simulator,1195
873,2026-10-02T22:39:53.013519,factory/line1/pressure,cmp_001_pressure_sensor,CMP-001-PRS,pressure,117.7,kPa,RUNNING,,0,simulator,1196
874,2026-10-02T22:39:53.013522,factory/line1/current,cmp_001_current_sensor,CMP-001-CUR,current,8.0,A,RUNNING,,0,simulator,1197
875,2026-10-02T22:39:53.071806,factory/line1/temperature,mtr_001_temperature_sensor,MTR-001-TMP,temperature,27.55,Â°C,RUNNING,Intermittent Attack,1,simulator,1198
876,2026-10-02T22:39:53.071827,factory/line1/current,mtr_001_current_sensor,MTR-001-CUR,current,8.0,A,RUNNING,Intermittent Attack,1,simulator,1199
877,2026-10-02T22:39:53.071871,factory/line1/vibration,mtr_001_vibration_sensor,MTR-001-VIB,vibration,0.1,g,RUNNING,Intermittent Attack,1,simulator,1200
878,2026-10-02T22:39:53.071833,factory/line1/rpm,mtr_001_rpm_sensor,MTR-001-RPM,rpm,900.0,RPM,RUNNING,Intermittent Attack,1,simulator,1201
879,2026-10-02T22:39:53.071895,factory/line1/flow,pmp_001_flow_sensor,PMP-001-FLW,flow,50.0,L/min,RUNNING,Intermittent Attack,1,simulator,1202
880,2026-10-02T22:39:53.071875,factory/line1/voltage,mtr_001_voltage_sensor,MTR-001-VLT,voltage,238.21,V,RUNNING,Intermittent Attack,1,simulator,1203
881,2026-10-02T22:39:53.071898,factory/line1/current,pmp_001_current_sensor,PMP-001-CUR,current,6.0,A,RUNNING,Intermittent Attack,1,simulator,1204
882,2026-10-02T22:39:53.071879,factory/line1/pressure,pmp_001_pressure_sensor,PMP-001-PRS,pressure,4.92,kPa,RUNNING,Intermittent Attack,1,simulator,1205
883,2026-10-02T22:39:53.071901,factory/line1/level,tnk_001_level_sensor,TNK-001-LVL,level,50.06,%,RUNNING,Intermittent Attack,1,simulator,1206
884,2026-10-02T22:39:53.071907,factory/line1/pressure,tnk_001_pressure_sensor,TNK-001-PRS,pressure,101.3,kPa,RUNNING,Intermittent Attack,1,simulator,1207
885,2026-10-02T22:39:53.071914,factory/line1/rpm,cnv_001_rpm_sensor,CNV-001-RPM,rpm,1037.5,RPM,RUNNING,Intermittent Attack,1,simulator,1208
886,2026-10-02T22:39:53.071904,factory/line1/temperature,tnk_001_temperature_sensor,TNK-001-TMP,temperature,25.83,Â°C,RUNNING,Intermittent Attack,1,simulator,1209
887,2026-10-02T22:39:53.071911,factory/line1/humidity,tnk_001_humidity_sensor,TNK-001-HUM,humidity,53.16,%,RUNNING,Intermittent Attack,1,simulator,1210
888,2026-10-02T22:39:53.071920,factory/line1/proximity,cnv_001_proximity_sensor,CNV-001-PRX,proximity,574.63,mm,RUNNING,Intermittent Attack,1,simulator,1211
889,2026-10-02T22:39:53.071917,factory/line1/current,cnv_001_current_sensor,CNV-001-CUR,current,4.15,A,RUNNING,Intermittent Attack,1,simulator,1212
890,2026-10-02T22:39:53.071922,factory/line1/pressure,vlv_001_pressure_sensor,VLV-001-PRS,pressure,43.52,kPa,RUNNING,Intermittent Attack,1,simulator,1213
891,2026-10-02T22:39:53.071934,factory/line1/temperature,cmp_001_temperature_sensor,CMP-001-TMP,temperature,25.0,Â°C,RUNNING,Intermittent Attack,1,simulator,1214
892,2026-10-02T22:39:53.071937,factory/line1/pressure,cmp_001_pressure_sensor,CMP-001-PRS,pressure,117.9,kPa,RUNNING,Intermittent Attack,1,simulator,1215
893,2026-10-02T22:39:53.071940,factory/line1/current,cmp_001_current_sensor,CMP-001-CUR,current,10.0,A,RUNNING,Intermittent Attack,1,simulator,1216
894,2026-10-02T22:39:53.128028,factory/line1/temperature,mtr_001_temperature_sensor,MTR-001-TMP,temperature,34.47,Â°C,RUNNING,Intermittent Attack,1,simulator,1217
895,2026-10-02T22:39:53.128056,factory/line1/rpm,mtr_001_rpm_sensor,MTR-001-RPM,rpm,1125.0,RPM,RUNNING,Intermittent Attack,1,simulator,1218
896,2026-10-02T22:39:53.128060,factory/line1/vibration,mtr_001_vibration_sensor,MTR-001-VIB,vibration,0.1,g,RUNNING,Intermittent Attack,1,simulator,1219
897,2026-10-02T22:39:53.128051,factory/line1/current,mtr_001_current_sensor,MTR-001-CUR,current,10.0,A,RUNNING,Intermittent Attack,1,simulator,1220
898,2026-10-02T22:39:53.128064,factory/line1/voltage,mtr_001_voltage_sensor,MTR-001-VLT,voltage,221.39,V,RUNNING,Intermittent Attack,1,simulator,1221
899,2026-10-02T22:39:53.128112,factory/line1/current,pmp_001_current_sensor,PMP-001-CUR,current,6.0,A,RUNNING,Intermittent Attack,1,simulator,1222
900,2026-10-02T22:39:53.128068,factory/line1/pressure,pmp_001_pressure_sensor,PMP-001-PRS,pressure,6.15,kPa,RUNNING,Intermittent Attack,1,simulator,1223
901,2026-10-02T22:39:53.128109,factory/line1/flow,pmp_001_flow_sensor,PMP-001-FLW,flow,40.0,L/min,RUNNING,Intermittent Attack,1,simulator,1224
902,2026-10-02T22:39:53.128116,factory/line1/level,tnk_001_level_sensor,TNK-001-LVL,level,50.06,%,RUNNING,Intermittent Attack,1,simulator,1225
903,2026-10-02T22:39:53.128119,factory/line1/temperature,tnk_001_temperature_sensor,TNK-001-TMP,temperature,25.84,Â°C,RUNNING,Intermittent Attack,1,simulator,1226
904,2026-10-02T22:39:53.128122,factory/line1/pressure,tnk_001_pressure_sensor,TNK-001-PRS,pressure,101.3,kPa,RUNNING,Intermittent Attack,1,simulator,1227
905,2026-10-02T22:39:53.128125,factory/line1/humidity,tnk_001_humidity_sensor,TNK-001-HUM,humidity,47.28,%,RUNNING,Intermittent Attack,1,simulator,1228
906,2026-10-02T22:39:53.128128,factory/line1/rpm,cnv_001_rpm_sensor,CNV-001-RPM,rpm,840.0,RPM,RUNNING,Intermittent Attack,1,simulator,1229
907,2026-10-02T22:39:53.128160,factory/line1/temperature,cmp_001_temperature_sensor,CMP-001-TMP,temperature,31.25,Â°C,RUNNING,Intermittent Attack,1,simulator,1230
908,2026-10-02T22:39:53.128146,factory/line1/proximity,cnv_001_proximity_sensor,CNV-001-PRX,proximity,353.86,mm,RUNNING,Intermittent Attack,1,simulator,1231
909,2026-10-02T22:39:53.128148,factory/line1/pressure,vlv_001_pressure_sensor,VLV-001-PRS,pressure,34.92,kPa,RUNNING,Intermittent Attack,1,simulator,1232
910,2026-10-02T22:39:53.128143,factory/line1/current,cnv_001_current_sensor,CNV-001-CUR,current,4.2,A,RUNNING,Intermittent Attack,1,simulator,1233
911,2026-10-02T22:39:53.128164,factory/line1/pressure,cmp_001_pressure_sensor,CMP-001-PRS,pressure,147.62,kPa,RUNNING,Intermittent Attack,1,simulator,1234
912,2026-10-02T22:39:53.128166,factory/line1/current,cmp_001_current_sensor,CMP-001-CUR,current,8.0,A,RUNNING,Intermittent Attack,1,simulator,1235
913,2026-10-02T22:39:53.185779,factory/line1/temperature,mtr_001_temperature_sensor,MTR-001-TMP,temperature,27.61,Â°C,RUNNING,,0,simulator,1236
914,2026-10-02T22:39:53.185798,factory/line1/current,mtr_001_current_sensor,MTR-001-CUR,current,8.0,A,RUNNING,,0,simulator,1237
915,2026-10-02T22:39:53.185804,factory/line1/rpm,mtr_001_rpm_sensor,MTR-001-RPM,rpm,900.0,RPM,RUNNING,,0,simulator,1238
916,2026-10-02T22:39:53.185851,factory/line1/vibration,mtr_001_vibration_sensor,MTR-001-VIB,vibration,0.1,g,RUNNING,,0,simulator,1239
917,2026-10-02T22:39:53.185863,factory/line1/pressure,pmp_001_pressure_sensor,PMP-001-PRS,pressure,4.92,kPa,RUNNING,,0,simulator,1240
918,2026-10-02T22:39:53.185858,factory/line1/voltage,mtr_001_voltage_sensor,MTR-001-VLT,voltage,222.59,V,RUNNING,,0,simulator,1241
919,2026-10-02T22:39:53.185880,factory/line1/flow,pmp_001_flow_sensor,PMP-001-FLW,flow,40.0,L/min,RUNNING,,0,simulator,1242
920,2026-10-02T22:39:53.185884,factory/line1/current,pmp_001_current_sensor,PMP-001-CUR,current,6.0,A,RUNNING,Slow Drift Attack,1,simulator,1243
921,2026-10-02T22:39:53.185888,factory/line1/level,tnk_001_level_sensor,TNK-001-LVL,level,50.06,%,RUNNING,Slow Drift Attack,1,simulator,1244
922,2026-10-02T22:39:53.185892,factory/line1/temperature,tnk_001_temperature_sensor,TNK-001-TMP,temperature,25.85,Â°C,RUNNING,Slow Drift Attack,1,simulator,1245
923,2026-10-02T22:39:53.185900,factory/line1/humidity,tnk_001_humidity_sensor,TNK-001-HUM,humidity,62.69,%,RUNNING,Slow Drift Attack,1,simulator,1246
924,2026-10-02T22:39:53.185903,factory/line1/rpm,cnv_001_rpm_sensor,CNV-001-RPM,rpm,850.0,RPM,RUNNING,Slow Drift Attack,1,simulator,1247
925,2026-10-02T22:39:53.185896,factory/line1/pressure,tnk_001_pressure_sensor,TNK-001-PRS,pressure,101.3,kPa,RUNNING,Slow Drift Attack,1,simulator,1248
926,2026-10-02T22:39:53.185918,factory/line1/current,cnv_001_current_sensor,CNV-001-CUR,current,4.25,A,RUNNING,Slow Drift Attack,1,simulator,1249
927,2026-10-02T22:39:53.185938,factory/line1/temperature,cmp_001_temperature_sensor,CMP-001-TMP,temperature,25.0,Â°C,RUNNING,Slow Drift Attack,1,simulator,1250
928,2026-10-02T22:39:53.185922,factory/line1/proximity,cnv_001_proximity_sensor,CNV-001-PRX,proximity,248.71,mm,RUNNING,Slow Drift Attack,1,simulator,1251
929,2026-10-02T22:39:53.185925,factory/line1/pressure,vlv_001_pressure_sensor,VLV-001-PRS,pressure,35.02,kPa,RUNNING,Slow Drift Attack,1,simulator,1252
930,2026-10-02T22:39:53.185944,factory/line1/current,cmp_001_current_sensor,CMP-001-CUR,current,8.0,A,RUNNING,Slow Drift Attack,1,simulator,1253
931,2026-10-02T22:39:53.185941,factory/line1/pressure,cmp_001_pressure_sensor,CMP-001-PRS,pressure,118.3,kPa,RUNNING,Slow Drift Attack,1,simulator,1254
932,2026-10-02T22:39:53.244022,factory/line1/current,mtr_001_current_sensor,MTR-001-CUR,current,8.01,A,RUNNING,Slow Drift Attack,1,simulator,1255
933,2026-10-02T22:39:53.244001,factory/line1/temperature,mtr_001_temperature_sensor,MTR-001-TMP,temperature,27.65,Â°C,RUNNING,Slow Drift Attack,1,simulator,1256
934,2026-10-02T22:39:53.244027,factory/line1/rpm,mtr_001_rpm_sensor,MTR-001-RPM,rpm,900.01,RPM,RUNNING,Slow Drift Attack,1,simulator,1257
935,2026-10-02T22:39:53.244072,factory/line1/vibration,mtr_001_vibration_sensor,MTR-001-VIB,vibration,0.11,g,RUNNING,Slow Drift Attack,1,simulator,1258
936,2026-10-02T22:39:53.244078,factory/line1/voltage,mtr_001_voltage_sensor,MTR-001-VLT,voltage,230.15,V,RUNNING,Slow Drift Attack,1,simulator,1259
937,2026-10-02T22:39:53.244082,factory/line1/pressure,pmp_001_pressure_sensor,PMP-001-PRS,pressure,4.93,kPa,RUNNING,Slow Drift Attack,1,simulator,1260
938,2026-10-02T22:39:53.244097,factory/line1/flow,pmp_001_flow_sensor,PMP-001-FLW,flow,40.01,L/min,RUNNING,Slow Drift Attack,1,simulator,1261
939,2026-10-02T22:39:53.244100,factory/line1/current,pmp_001_current_sensor,PMP-001-CUR,current,6.01,A,RUNNING,Slow Drift Attack,1,simulator,1262
940,2026-10-02T22:39:53.244103,factory/line1/level,tnk_001_level_sensor,TNK-001-LVL,level,50.07,%,RUNNING,Slow Drift Attack,1,simulator,1263
941,2026-10-02T22:39:53.244108,factory/line1/pressure,tnk_001_pressure_sensor,TNK-001-PRS,pressure,101.31,kPa,RUNNING,Slow Drift Attack,1,simulator,1264
942,2026-10-02T22:39:53.244106,factory/line1/temperature,tnk_001_temperature_sensor,TNK-001-TMP,temperature,25.87,Â°C,RUNNING,Slow Drift Attack,1,simulator,1265
943,2026-10-02T22:39:53.244112,factory/line1/humidity,tnk_001_humidity_sensor,TNK-001-HUM,humidity,68.26,%,RUNNING,Slow Drift Attack,1,simulator,1266
944,2026-10-02T22:39:53.244115,factory/line1/rpm,cnv_001_rpm_sensor,CNV-001-RPM,rpm,860.01,RPM,RUNNING,Slow Drift Attack,1,simulator,1267
945,2026-10-02T22:39:53.244127,factory/line1/current,cnv_001_current_sensor,CNV-001-CUR,current,4.31,A,RUNNING,Slow Drift Attack,1,simulator,1268
946,2026-10-02T22:39:53.244130,factory/line1/proximity,cnv_001_proximity_sensor,CNV-001-PRX,proximity,213.96,mm,RUNNING,Slow Drift Attack,1,simulator,1269
947,2026-10-02T22:39:53.244149,factory/line1/current,cmp_001_current_sensor,CMP-001-CUR,current,8.01,A,RUNNING,Slow Drift Attack,1,simulator,1270
948,2026-10-02T22:39:53.244146,factory/line1/pressure,cmp_001_pressure_sensor,CMP-001-PRS,pressure,118.51,kPa,RUNNING,Slow Drift Attack,1,simulator,1271
949,2026-10-02T22:39:53.244132,factory/line1/pressure,vlv_001_pressure_sensor,VLV-001-PRS,pressure,35.13,kPa,RUNNING,Slow Drift Attack,1,simulator,1272
950,2026-10-02T22:39:53.244144,factory/line1/temperature,cmp_001_temperature_sensor,CMP-001-TMP,temperature,25.01,Â°C,RUNNING,Slow Drift Attack,1,simulator,1273
951,2026-10-02T22:39:53.299485,factory/line1/current,mtr_001_current_sensor,MTR-001-CUR,current,8.02,A,RUNNING,Slow Drift Attack,1,simulator,1274
952,2026-10-02T22:39:53.299457,factory/line1/temperature,mtr_001_temperature_sensor,MTR-001-TMP,temperature,27.69,Â°C,RUNNING,Slow Drift Attack,1,simulator,1275
953,2026-10-02T22:39:53.299491,factory/line1/rpm,mtr_001_rpm_sensor,MTR-001-RPM,rpm,900.02,RPM,RUNNING,Slow Drift Attack,1,simulator,1276
954,2026-10-02T22:39:53.299549,factory/line1/pressure,pmp_001_pressure_sensor,PMP-001-PRS,pressure,4.94,kPa,RUNNING,Slow Drift Attack,1,simulator,1277
955,2026-10-02T22:39:53.299537,factory/line1/vibration,mtr_001_vibration_sensor,MTR-001-VIB,vibration,0.12,g,RUNNING,Slow Drift Attack,1,simulator,1278
956,2026-10-02T22:39:53.299544,factory/line1/voltage,mtr_001_voltage_sensor,MTR-001-VLT,voltage,226.43,V,RUNNING,Slow Drift Attack,1,simulator,1279
957,2026-10-02T22:39:53.299587,factory/line1/pressure,tnk_001_pressure_sensor,TNK-001-PRS,pressure,101.32,kPa,RUNNING,Slow Drift Attack,1,simulator,1280
958,2026-10-02T22:39:53.299579,factory/line1/level,tnk_001_level_sensor,TNK-001-LVL,level,50.08,%,RUNNING,Slow Drift Attack,1,simulator,1281
959,2026-10-02T22:39:53.299573,factory/line1/current,pmp_001_current_sensor,PMP-001-CUR,current,6.02,A,RUNNING,Slow Drift Attack,1,simulator,1282
960,2026-10-02T22:39:53.299583,factory/line1/temperature,tnk_001_temperature_sensor,TNK-001-TMP,temperature,25.89,Â°C,RUNNING,Slow Drift Attack,1,simulator,1283
961,2026-10-02T22:39:53.299569,factory/line1/flow,pmp_001_flow_sensor,PMP-001-FLW,flow,40.01,L/min,RUNNING,Slow Drift Attack,1,simulator,1284
962,2026-10-02T22:39:53.299591,factory/line1/humidity,tnk_001_humidity_sensor,TNK-001-HUM,humidity,44.99,%,RUNNING,Slow Drift Attack,1,simulator,1285
963,2026-10-02T22:39:53.299614,factory/line1/proximity,cnv_001_proximity_sensor,CNV-001-PRX,proximity,337.68,mm,RUNNING,Slow Drift Attack,1,simulator,1286
964,2026-10-02T22:39:53.299595,factory/line1/rpm,cnv_001_rpm_sensor,CNV-001-RPM,rpm,870.02,RPM,RUNNING,Slow Drift Attack,1,simulator,1287
965,2026-10-02T22:39:53.299611,factory/line1/current,cnv_001_current_sensor,CNV-001-CUR,current,4.37,A,RUNNING,Slow Drift Attack,1,simulator,1288
966,2026-10-02T22:39:53.299617,factory/line1/pressure,vlv_001_pressure_sensor,VLV-001-PRS,pressure,35.24,kPa,RUNNING,Slow Drift Attack,1,simulator,1289
967,2026-10-02T22:39:53.299640,factory/line1/current,cmp_001_current_sensor,CMP-001-CUR,current,8.02,A,RUNNING,Slow Drift Attack,1,simulator,1290
968,2026-10-02T22:39:53.299633,factory/line1/temperature,cmp_001_temperature_sensor,CMP-001-TMP,temperature,25.02,Â°C,RUNNING,Slow Drift Attack,1,simulator,1291
969,2026-10-02T22:39:53.299637,factory/line1/pressure,cmp_001_pressure_sensor,CMP-001-PRS,pressure,118.72,kPa,RUNNING,Slow Drift Attack,1,simulator,1292
970,2026-10-02T22:39:53.357853,factory/line1/current,mtr_001_current_sensor,MTR-001-CUR,current,8.0,A,RUNNING,,0,simulator,1293
971,2026-10-02T22:39:53.357832,factory/line1/temperature,mtr_001_temperature_sensor,MTR-001-TMP,temperature,27.7,Â°C,RUNNING,,0,simulator,1294
972,2026-10-02T22:39:53.357858,factory/line1/rpm,mtr_001_rpm_sensor,MTR-001-RPM,rpm,900.0,RPM,RUNNING,,0,simulator,1295
973,2026-10-02T22:39:53.357917,factory/line1/vibration,mtr_001_vibration_sensor,MTR-001-VIB,vibration,0.1,g,RUNNING,,0,simulator,1296
974,2026-10-02T22:39:53.357923,factory/line1/voltage,mtr_001_voltage_sensor,MTR-001-VLT,voltage,233.48,V,RUNNING,,0,simulator,1297
975,2026-10-02T22:39:53.357926,factory/line1/pressure,pmp_001_pressure_sensor,PMP-001-PRS,pressure,4.92,kPa,RUNNING,,0,simulator,1298
976,2026-10-02T22:39:53.357941,factory/line1/flow,pmp_001_flow_sensor,PMP-001-FLW,flow,40.0,L/min,RUNNING,,0,simulator,1299
977,2026-10-02T22:39:53.357944,factory/line1/current,pmp_001_current_sensor,PMP-001-CUR,current,6.0,A,RUNNING,,0,simulator,1300
978,2026-10-02T22:39:53.357947,factory/line1/level,tnk_001_level_sensor,TNK-001-LVL,level,50.06,%,RUNNING,,0,simulator,1301
979,2026-10-02T22:39:53.357960,factory/line1/rpm,cnv_001_rpm_sensor,CNV-001-RPM,rpm,880.0,RPM,RUNNING,,0,simulator,1302
980,2026-10-02T22:39:53.357950,factory/line1/temperature,tnk_001_temperature_sensor,TNK-001-TMP,temperature,25.88,Â°C,RUNNING,,0,simulator,1303
981,2026-10-02T22:39:53.357957,factory/line1/humidity,tnk_001_humidity_sensor,TNK-001-HUM,humidity,50.9,%,RUNNING,,0,simulator,1304
982,2026-10-02T22:39:53.357953,factory/line1/pressure,tnk_001_pressure_sensor,TNK-001-PRS,pressure,101.3,kPa,RUNNING,,0,simulator,1305
983,2026-10-02T22:39:53.357971,factory/line1/current,cnv_001_current_sensor,CNV-001-CUR,current,4.4,A,RUNNING,,0,simulator,1306
984,2026-10-02T22:39:53.357975,factory/line1/proximity,cnv_001_proximity_sensor,CNV-001-PRX,proximity,235.11,mm,RUNNING,,0,simulator,1307
985,2026-10-02T22:39:53.357978,factory/line1/pressure,vlv_001_pressure_sensor,VLV-001-PRS,pressure,35.32,kPa,RUNNING,,0,simulator,1308
986,2026-10-02T22:39:53.357991,factory/line1/pressure,cmp_001_pressure_sensor,CMP-001-PRS,pressure,118.9,kPa,RUNNING,,0,simulator,1309
987,2026-10-02T22:39:53.357993,factory/line1/current,cmp_001_current_sensor,CMP-001-CUR,current,8.0,A,RUNNING,,0,simulator,1310
988,2026-10-02T22:39:53.357988,factory/line1/temperature,cmp_001_temperature_sensor,CMP-001-TMP,temperature,25.0,Â°C,RUNNING,,0,simulator,1311
989,2026-10-02T22:39:53.411711,factory/line1/current,mtr_001_current_sensor,MTR-001-CUR,current,8.0,A,RUNNING,,0,simulator,1312
990,2026-10-02T22:39:53.411686,factory/line1/temperature,mtr_001_temperature_sensor,MTR-001-TMP,temperature,27.73,Â°C,RUNNING,,0,simulator,1313
991,2026-10-02T22:39:53.411718,factory/line1/rpm,mtr_001_rpm_sensor,MTR-001-RPM,rpm,900.0,RPM,RUNNING,,0,simulator,1314
992,2026-10-02T22:39:53.411771,factory/line1/vibration,mtr_001_vibration_sensor,MTR-001-VIB,vibration,0.1,g,RUNNING,,0,simulator,1315
993,2026-10-02T22:39:53.411778,factory/line1/voltage,mtr_001_voltage_sensor,MTR-001-VLT,voltage,231.89,V,RUNNING,,0,simulator,1316
994,2026-10-02T22:39:53.411782,factory/line1/pressure,pmp_001_pressure_sensor,PMP-001-PRS,pressure,4.92,kPa,RUNNING,,0,simulator,1317
995,2026-10-02T22:39:53.411802,factory/line1/flow,pmp_001_flow_sensor,PMP-001-FLW,flow,40.0,L/min,RUNNING,,0,simulator,1318
996,2026-10-02T22:39:53.411806,factory/line1/current,pmp_001_current_sensor,PMP-001-CUR,current,6.0,A,RUNNING,,0,simulator,1319
997,2026-10-02T22:39:53.411811,factory/line1/level,tnk_001_level_sensor,TNK-001-LVL,level,50.07,%,RUNNING,,0,simulator,1320
998,2026-10-02T22:39:53.411819,factory/line1/pressure,tnk_001_pressure_sensor,TNK-001-PRS,pressure,101.3,kPa,RUNNING,,0,simulator,1321
999,2026-10-02T22:39:53.411815,factory/line1/temperature,tnk_001_temperature_sensor,TNK-001-TMP,temperature,25.89,Â°C,RUNNING,,0,simulator,1322
1000,2026-10-02T22:39:53.411823,factory/line1/humidity,tnk_001_humidity_sensor,TNK-001-HUM,humidity,53.4,%,RUNNING,,0,simulator,1323
