rank,model,accuracy,precision,recall,f1_score,roc_auc,training_time,prediction_time,model_size_mb
1,random_forest,0.9781153192765064,0.9949584068565667,0.9778273256534126,0.9863184856625227,0.991991638860035,2.796046708999711,0.03004020899970783,66.887
2,xgboost,0.9776156690316778,0.9937099006164297,0.978446674098848,0.9860192235675945,0.9925838948140103,0.8552007090002007,0.012268499999663618,1.131
3,decision_tree,0.9736184670730489,0.99543205177008,0.9717577108881457,0.9834524257239564,0.9859987541296835,0.45289308300016273,0.006142082999758713,0.029
4,logistic_regression,0.9722194463875288,0.9931671517145387,0.972253189644494,0.9825988983475212,0.9857278292150824,0.4890237919998981,0.005989833000057843,0.006
