rank,model,accuracy,precision,recall,f1_score,roc_auc,training_time,prediction_time,best_threshold,model_size_mb
1,xgboost,0.9780153892275407,0.9928454876365006,0.9798092406788059,0.986284289276808,0.9925102391043671,0.8455732499987789,0.010814249999384629,0.40000000000000013,1.129
2,random_forest,0.9777155990806435,0.9925953815261044,0.9796853709897189,0.9860981235583817,0.9925046668898115,3.225879874999009,0.04000912499941478,0.30000000000000004,62.079
3,decision_tree,0.9762166483461577,0.9910994108060674,0.9793137619224576,0.9851713395638629,0.9856878629865456,0.466541124998912,0.005407624999861582,0.20000000000000004,0.027
4,logistic_regression,0.9726191665833916,0.9921746813075855,0.9737396259135389,0.9828707176794198,0.9859230488698589,0.48400533300082316,0.005393207999077276,0.40000000000000013,0.006
