rank,model,accuracy,precision,recall,f1_score,roc_auc,training_time,prediction_time,model_size_mb
1,decision_tree,0.9629629629629629,1.0,0.9534883720930233,0.9761904761904762,0.9857293868921776,0.004930333991069347,0.0013160000089555979,0.01
2,random_forest,0.9629629629629629,0.9880952380952381,0.9651162790697675,0.9764705882352941,0.9941860465116279,0.10858758300310001,0.015747500001452863,1.098
3,logistic_regression,0.9537037037037037,0.9879518072289156,0.9534883720930233,0.9704142011834319,0.9466173361522199,0.006773540982976556,0.0017433750326745212,0.006
4,xgboost,0.9537037037037037,0.9879518072289156,0.9534883720930233,0.9704142011834319,0.9963002114164905,0.2004127919790335,0.00216524995630607,0.227
