rank,model,accuracy,precision,recall,f1_score,roc_auc,training_time,prediction_time,model_size_mb
1,xgboost,0.9720837487537388,0.9910485933503836,0.9736180904522613,0.982256020278834,0.9907690627048285,0.2690772089990787,0.005127499985974282,0.424
2,random_forest,0.9710867397806581,0.9922978177150192,0.9711055276381909,0.9815873015873016,0.991290996043017,0.18552462494699284,0.013911916990764439,4.585
3,decision_tree,0.9641076769690927,0.9909560723514211,0.9635678391959799,0.9770700636942675,0.9689328283931736,0.026744292001239955,0.0019363750470802188,0.022
4,logistic_regression,0.9072781655034895,0.9943741209563994,0.8881909547738693,0.9382879893828799,0.9565278081227393,0.02815412502968684,0.0025610830052755773,0.006
