rank,model,accuracy,precision,recall,f1_score,roc_auc,training_time,prediction_time,model_size_mb
1,xgboost,0.9774158089337464,0.9935840986287583,0.9783228044097609,0.985894395206591,0.9909551429042458,0.45334775000810623,0.01159166602883488,0.584
2,random_forest,0.9759168581992606,0.9951947395042995,0.9748544531153227,0.9849195920155184,0.9925948470977921,1.282247582974378,0.030070041015278548,13.85
3,decision_tree,0.9741181173178775,0.9953093306288032,0.9725009290226682,0.9837729465572332,0.9827706485455687,0.32007841602899134,0.006026458984706551,0.068
4,logistic_regression,0.9539322474268013,0.9931329359937807,0.9494611668524712,0.9708061554049775,0.982105825705484,0.17333379201591015,0.005788291979115456,0.006
