rank,model,accuracy,precision,recall,f1_score,roc_auc,training_time,prediction_time,model_size_mb
1,xgboost,0.9216807203087037,0.9100431577054486,0.9906528335127728,0.9486386428604902,0.980423723002739,2.570247208001092,0.06663304101675749,2.242
2,decision_tree,0.9044590538802344,0.9772141014617369,0.8898894000195752,0.9315096562676093,0.9753136492002291,1.9511807500384748,0.0234391670092009,0.203
3,random_forest,0.8927040160068601,0.9755551917935287,0.8749632964666731,0.9225252186476097,0.9752717855990715,6.409537416999228,0.07883462501922622,21.729
4,logistic_regression,0.8310347291696442,0.9739844268726987,0.7896642850151708,0.8721926434420691,0.9487055148705963,2.1950854579918087,0.023567500000353903,0.025
