rank,model,accuracy,precision,recall,f1_score,roc_auc,training_time,prediction_time,model_size_mb
1,random_forest,0.9781153192765064,0.9949584068565667,0.9778273256534126,0.9863184856625227,0.9919915427873703,2.76880008399894,0.02916183300112607,66.887
2,xgboost,0.9776156690316778,0.9937099006164297,0.978446674098848,0.9860192235675945,0.9925838948140103,0.8339405000006082,0.011752958000215585,1.131
3,decision_tree,0.9736184670730489,0.99543205177008,0.9717577108881457,0.9834524257239564,0.9859987541296835,0.44860479199996917,0.005927917000008165,0.029
4,logistic_regression,0.9722194463875288,0.9931671517145387,0.972253189644494,0.9825988983475212,0.9857278292150824,0.4852840420007851,0.005703916998754721,0.006
