Model,Threshold,Default Accuracy,Optimized Accuracy,Default F1,Optimized F1
logistic_regression,0.3500000000000001,0.9722194463875288,0.9727190966323573,0.9825988983475212,0.9829406986190089
decision_tree,0.1,0.9736184670730489,0.977215948835815,0.9834524257239564,0.9857837635615413
random_forest,0.30000000000000004,0.9781153192765064,0.9776156690316778,0.9863184856625227,0.9860383944153578
xgboost,0.40000000000000013,0.9776156690316778,0.9780153892275407,0.9860192235675945,0.986284289276808
